-- phpMyAdmin SQL Dump
-- version 4.9.2
-- https://www.phpmyadmin.net/
--
-- Host: 127.0.0.1
-- Generation Time: Jun 01, 2020 at 12:26 PM
-- Server version: 10.4.11-MariaDB
-- PHP Version: 7.3.13

SET SQL_MODE = "NO_AUTO_VALUE_ON_ZERO";
SET AUTOCOMMIT = 0;
START TRANSACTION;
SET time_zone = "+00:00";


/*!40101 SET @OLD_CHARACTER_SET_CLIENT=@@CHARACTER_SET_CLIENT */;
/*!40101 SET @OLD_CHARACTER_SET_RESULTS=@@CHARACTER_SET_RESULTS */;
/*!40101 SET @OLD_COLLATION_CONNECTION=@@COLLATION_CONNECTION */;
/*!40101 SET NAMES utf8mb4 */;

--
-- Database: `accounting`
--

-- --------------------------------------------------------

--
-- Table structure for table `customers`
--

CREATE TABLE `customers` (
  `customerId` int(11) NOT NULL,
  `customerName` varchar(100) COLLATE utf8_unicode_ci NOT NULL,
  `customerUnit` varchar(100) COLLATE utf8_unicode_ci NOT NULL,
  `customerTell` varchar(100) COLLATE utf8_unicode_ci NOT NULL,
  `customerAdd` varchar(100) COLLATE utf8_unicode_ci NOT NULL,
  `customerPaid` int(11) DEFAULT NULL,
  `customerRemain` int(11) DEFAULT NULL,
  `customerDateIN` varchar(100) COLLATE utf8_unicode_ci DEFAULT NULL
) ENGINE=InnoDB DEFAULT CHARSET=utf8 COLLATE=utf8_unicode_ci;

--
-- Dumping data for table `customers`
--

INSERT INTO `customers` (`customerId`, `customerName`, `customerUnit`, `customerTell`, `customerAdd`, `customerPaid`, `customerRemain`, `customerDateIN`) VALUES
(1, '', '', '', '', NULL, NULL, NULL),
(2, 'عمرو صبحى - حسام', '', '', '', -28291, 46184, ''),
(3, 'البرنس - حسام', '', '', '', -44400, 242850, ''),
(4, 'عسلية - حسام', '', '', '', 1400, 1400, ''),
(5, 'طنطاوى - حسام', '', '', '', 2000, 300, ''),
(6, 'امال - حسام', '', '', '', -123854, -127184, ''),
(7, 'ميلاد اسكندرية - حسام', '', '', '', -38422, -8422, ''),
(8, 'دكش - حسام', '', '', '', -32128, 872, ''),
(9, 'على مشمش - حسام', '', '', '', -6000, -110600, ''),
(10, 'الفلاح - حسام', '', '', '', -6000, -6000, ''),
(11, 'زيزو ابوعبده - حسام', '', '', '', -3800, 0, ''),
(12, 'اسماعيل - حسام', '', '', '', -3382, 618, ''),
(13, 'عمرو سامى - حسام', '', '', '', -3050, -2050, ''),
(14, 'فرهدة - حسام', '', '', '', -3000, 0, ''),
(15, 'جرجس - حسام', '', '', '', -2008, 0, ''),
(16, 'يسرى - حسام', '', '', '', -1937, 63, ''),
(17, 'طنطا - حسام', '', '', '', -1500, -1500, ''),
(18, 'شريف المنوفى - حسام', '', '', '', -1494, -1494, ''),
(19, 'مندور - حسام', '', '', '', 0, 0, ''),
(20, 'امبابى - حسام', '', '', '', 0, -38, ''),
(21, 'عوف - حسام', '', '', '', 200, 0, ''),
(22, 'رامى - حسام', '', '', '', 0, 0, ''),
(23, 'ام مهند - حسام', '', '', '', 0, 0, ''),
(24, 'محمد وافى - حسام', '', '', '', 450, 450, ''),
(25, 'محمد على - حسام', '', '', '', 523, 523, ''),
(26, 'ادهم علاء - حسام', '', '', '', 950, 950, ''),
(27, 'عمر اشرف - حسام', '', '', '', 1094, -3056, ''),
(28, 'عمرو مصطفى - حسام', '', '', '', 1157, 957, ''),
(29, 'مصطفى ناجى - حسام', '', '', '', 1207, 207, ''),
(30, 'ام امنية - حسام', '', '', '', 1213, 1213, ''),
(31, 'رومانى سعد - حسام', '', '', '', 1800, 60, ''),
(32, 'مؤمن - حسام', '', '', '', 1990, 1690, ''),
(33, 'احمد عمر - حسام', '', '', '', 920, 5920, ''),
(34, 'ام حسام - حسام', '', '', '', 2625, 2625, ''),
(35, 'احمريكا - حسام', '', '', '', 3020, 3020, ''),
(36, 'حكورة - حسام', '', '', '', 3750, 0, ''),
(37, 'حلوانى - حسام', '', '', '', 3855, 3855, ''),
(38, 'كريم صبحى - حسام', '', '', '', 4000, 4000, ''),
(39, 'فرهدة . قديم - حسام', '', '', '', 4135, 4135, ''),
(40, 'حمادة - حسام', '', '', '', 4917, 4917, ''),
(41, 'خرستو - حسام', '', '', '', 5000, 5000, ''),
(42, 'ابو اسلام - حسام', '', '', '', 5100, 5100, ''),
(43, 'حسن وافى - حسام', '', '', '', 7680, 7680, ''),
(44, 'هيثم - حسام', '', '', '', 8980, -18878, ''),
(45, 'شاغلهم - حسام', '', '', '', 11525, 15825, ''),
(46, 'سبرتو - حسام', '', '', '', 11800, 20468, ''),
(47, 'راس مال عمرو صبحى - حسام', '', '', '', 12000, 55000, ''),
(48, 'رمزى - حسام', '', '', '', 16240, 6240, ''),
(49, 'جمعية - حسام', '', '', '', 18400, 24400, ''),
(50, 'كارما - حسام', '', '', '', 18641, 19671, ''),
(51, 'ادهم - حسام', '', '', '', 19520, 19520, ''),
(52, 'سكر - حسام', '', '', '', 28700, 15900, ''),
(53, 'كالوشة - حسام', '', '', '', 0, 0, ''),
(54, 'نقدى - حسام', '', '', '', 60, 0, ''),
(55, 'مصاريف حسام البرنس', '', '', '', 1250, 12950, ''),
(56, 'حساب المحل - حسام', '', '', '', 0, -850558, ''),
(57, 'تست', '', '', '', 0, -12049, ''),
(58, 'سلفة اشرف فاروق - حسام', '', '', '', 0, 5000, ''),
(59, 'عبدالنبى - حسام', '', '', '', 0, 0, ''),
(60, 'باقى زبون - حسام', '', '', '', 0, 500, ''),
(61, 'مجدى - حسام', '', '', '', 0, 155, ''),
(62, 'ام ميشو - حسام', '', '', '', 0, 90, ''),
(63, 'رمضان بكيا - حسام', '', '', '', 0, 0, ''),
(64, 'مصطفى وافى - حسام', '', '', '', 0, 0, ''),
(65, 'ام مؤمن . الايجار - حسام', '', '', '', 5870, 7370, ''),
(66, 'نقدى - سيف', '', '', '', 0, -25450, ''),
(67, 'الحرش - سيف', '', '', '', 0, -33800, ''),
(68, 'بصلة - حسام', '', '', '', 0, 0, ''),
(69, 'سلفة فخرى - حسام', '', '', '', 0, 1000, ''),
(70, 'احمد شبرا - حسام', '', '', '', 0, 0, ''),
(71, 'نور فارس', '', '', '', 0, 200, '');

-- --------------------------------------------------------

--
-- Table structure for table `employes`
--

CREATE TABLE `employes` (
  `workerId` int(11) NOT NULL,
  `workerName` varchar(100) COLLATE utf8_unicode_ci DEFAULT NULL,
  `workerTell` varchar(14) COLLATE utf8_unicode_ci DEFAULT NULL,
  `workerAdd` varchar(100) COLLATE utf8_unicode_ci DEFAULT NULL,
  `workerJopCateg` varchar(100) COLLATE utf8_unicode_ci DEFAULT NULL,
  `workerJop` varchar(100) COLLATE utf8_unicode_ci DEFAULT NULL,
  `workerFbCode` varchar(100) COLLATE utf8_unicode_ci DEFAULT NULL,
  `workerJopDate` varchar(100) COLLATE utf8_unicode_ci DEFAULT NULL,
  `workerSalary` int(10) DEFAULT NULL,
  `workerYearVacation` varchar(100) COLLATE utf8_unicode_ci DEFAULT NULL,
  `workerCheckIN` varchar(100) COLLATE utf8_unicode_ci DEFAULT NULL,
  `workerCheckOut` varchar(100) COLLATE utf8_unicode_ci DEFAULT NULL
) ENGINE=InnoDB DEFAULT CHARSET=utf8 COLLATE=utf8_unicode_ci;

--
-- Dumping data for table `employes`
--

INSERT INTO `employes` (`workerId`, `workerName`, `workerTell`, `workerAdd`, `workerJopCateg`, `workerJop`, `workerFbCode`, `workerJopDate`, `workerSalary`, `workerYearVacation`, `workerCheckIN`, `workerCheckOut`) VALUES
(11, 'احمد قدرى', '01142842826', 'بولاق الدكرور', 'الحسابات', 'محاسب محل', '0013', '20-2-2020', 120, '', '08:00', '20:00'),
(12, 'سامح', '01014220244', 'المنوفية', 'مخازن', 'تسليم محل', '', '', 120, '', '08:00', '20:00'),
(13, 'مؤمن', '01121503872', 'القاهرة', 'مبيعات', 'بائع محل', '0005', '', 120, '', '08:00', '20:00'),
(14, 'عبدالله رجب', '', 'السكن', 'مخازن', 'تسليم محل', '0008', '', 100, '', '08:00', '20:00'),
(15, 'محمد صابر', '01146811790', 'القاهرة', 'حسابات', 'كاشير', '0006', '', 150, '', '13:00', '01:00'),
(18, 'احمد عمر', '01124722291', 'القاهرة', 'مبيعات', 'بائع محل', '004', '', 150, '', '13:00', '01:00'),
(19, 'احمد على', '01126205063', 'السكن', 'مخازن', 'امين مخزن', '002', '', 120, '', '13:00', '01:00'),
(20, 'مجدى', '01063700183', 'بولاق الدكرور', 'حسابات', 'كاشير', '', '', 110, '', '08:00', '20:00'),
(34, 'ممدوح', '01112037521', 'بشتيل', 'مبيعات', 'بائع محل', '0016', '', 150, '', '13:00', '01:00'),
(35, 'عمرو مصطفى', '01127981913', 'بولاق الدكرور', 'مبيعات', 'بائع محل', '', '', 120, '', '08:00', '20:00'),
(39, 'شيكو', '01118728172', 'بولاق الدكرور', 'حسابات', 'كمبيوتر اذونات', '0010', '', 120, '', '08:00', '20:00'),
(41, 'بكيا', '01110677639', 'السكن', 'مخازن', 'عامل', '0012', '', 0, '', '08:00', '20:00'),
(42, 'اشرف فاروق', '01030004022', 'مدينة نصر', 'حسابات', 'مدير حسابات', '014', '', 0, '', '17:00', '02:00'),
(43, 'احمد سامى', '', 'السكن', 'مخازن', 'عامل', '015', '', 0, '', '13:00', '01:00'),
(44, 'انور', '', 'السكن', 'مخازن', 'عامل', '0003', '', 0, '', '08:00', '20:00'),
(45, 'قرموطى', '01153172984', 'باب الشعرية', 'حسابات', 'كاشير', '0007', '', 0, '', '08:00', '20:00'),
(48, 'احمد نصر', '01210410890', 'بشتيل', 'مبيعات', 'بائع محل', '0017', '', 0, '', '15:00', '01:00'),
(49, 'فاروق', '01154361907', 'السكن', 'مخازن', 'امين مخزن', 'لا يوجد', '', 100, '', '08:00', '20:00');

-- --------------------------------------------------------

--
-- Table structure for table `otheraccounts`
--

CREATE TABLE `otheraccounts` (
  `accId` int(11) NOT NULL,
  `AccName` varchar(100) COLLATE utf8_unicode_ci DEFAULT NULL,
  `currentAccVal` int(11) DEFAULT NULL
) ENGINE=InnoDB DEFAULT CHARSET=utf8 COLLATE=utf8_unicode_ci;

--
-- Dumping data for table `otheraccounts`
--

INSERT INTO `otheraccounts` (`accId`, `AccName`, `currentAccVal`) VALUES
(1, 'حساب المصاريف', 2559),
(2, 'مصاريف عمال', 11711),
(3, 'رصيد اول', 0),
(4, 'الحصالة', 0),
(5, 'دفعات المحل', -99112);

-- --------------------------------------------------------

--
-- Table structure for table `products`
--

CREATE TABLE `products` (
  `productId` int(11) NOT NULL,
  `productName` varchar(100) COLLATE utf8_unicode_ci DEFAULT NULL
) ENGINE=InnoDB DEFAULT CHARSET=utf8 COLLATE=utf8_unicode_ci;

--
-- Dumping data for table `products`
--

INSERT INTO `products` (`productId`, `productName`) VALUES
(12, 'بن ازرق'),
(13, 'بن احمر'),
(14, 'سوبر 1'),
(15, 'بفرة شعبى'),
(16, 'كريلا ازرق'),
(17, 'كريلا ابيض'),
(18, 'كليوباترا شركة'),
(19, 'رويال كريلا'),
(20, 'كريلا احمر'),
(21, 'اوريس'),
(22, 'كيس تفاح'),
(23, 'كينج اسواق حرة'),
(24, 'بن سويتش'),
(25, 'تايم'),
(26, 'ولاعة سخان'),
(27, 'ولاعة عادة'),
(28, 'شعبى'),
(29, 'بوكس اخضر'),
(30, 'بفرة اسموكينج الوان صغير'),
(31, 'بن سيلفر'),
(32, 'علبة سجاير صفيح'),
(33, 'بفرة ابداى'),
(34, 'فلتر 450 - 250'),
(35, 'فلتر 200 - 300'),
(36, 'فلتر + بفرة اخضر و برتقالى'),
(37, 'نسر شعبى'),
(38, 'كابيتال'),
(39, 'كابتن بلاك'),
(40, 'كابتن بلاك علب'),
(41, 'بفرة طلقة'),
(42, 'فلتر + بفرة ازرق او لبنى'),
(43, 'بفرة براون 2 × 1'),
(44, 'بفرة اسموكينج اسود كبير'),
(45, 'بفرة لوكريش'),
(46, 'جى ام'),
(47, 'اوسكار سليمز'),
(48, 'بون سليمز'),
(49, 'بوكس شركة اصلى'),
(50, 'كريلا سليمز احمر'),
(51, 'مانشستر'),
(52, 'بن اسود'),
(69, 'بوكس كوين'),
(70, 'غاز'),
(71, 'موند'),
(72, 'بون شعبى'),
(73, 'كليوباترا حمرا'),
(74, 'تبغ مانشستر'),
(75, 'تبغ امبرلايف'),
(76, 'لايك استريك'),
(77, 'كريلا ازرق سوبر'),
(78, 'نسر اورجينال'),
(79, 'كريلا احمر سوبر'),
(80, 'كليوباترا شركة اصلى'),
(81, 'روزمان شعبى'),
(82, 'سوبر احمر'),
(83, 'ايسى'),
(84, 'دى جى'),
(85, 'مانشستر سليمز');

-- --------------------------------------------------------

--
-- Table structure for table `safereceipt`
--

CREATE TABLE `safereceipt` (
  `safeReceiptId` int(11) NOT NULL,
  `receiptKind` varchar(100) COLLATE utf8_unicode_ci DEFAULT NULL,
  `date_time` varchar(100) COLLATE utf8_unicode_ci DEFAULT NULL,
  `safeName` varchar(100) COLLATE utf8_unicode_ci DEFAULT NULL,
  `safeId` int(11) NOT NULL,
  `currentSafeVal` int(11) DEFAULT NULL,
  `transactionAccKind` varchar(100) COLLATE utf8_unicode_ci DEFAULT NULL,
  `AccName` varchar(100) COLLATE utf8_unicode_ci DEFAULT NULL,
  `currentAccVal` int(11) DEFAULT NULL,
  `secSafeName` varchar(100) COLLATE utf8_unicode_ci DEFAULT NULL,
  `secSafeId` int(11) NOT NULL,
  `current_SecSafeVal` int(11) DEFAULT NULL,
  `customerId` int(11) NOT NULL,
  `customerName` varchar(100) COLLATE utf8_unicode_ci DEFAULT NULL,
  `currentCustomerVal` int(11) DEFAULT NULL,
  `receiptVal` int(11) DEFAULT NULL,
  `recieptNote` varchar(1000) COLLATE utf8_unicode_ci DEFAULT NULL
) ENGINE=InnoDB DEFAULT CHARSET=utf8 COLLATE=utf8_unicode_ci;

--
-- Dumping data for table `safereceipt`
--

INSERT INTO `safereceipt` (`safeReceiptId`, `receiptKind`, `date_time`, `safeName`, `safeId`, `currentSafeVal`, `transactionAccKind`, `AccName`, `currentAccVal`, `secSafeName`, `secSafeId`, `current_SecSafeVal`, `customerId`, `customerName`, `currentCustomerVal`, `receiptVal`, `recieptNote`) VALUES
(2, 'ايصال استلام نقدية', '2020-05-17T16:16', 'خزنة حسام - الرئيسية', 4, 9680, 'حساب', 'دفعات المحل', -36031, '', 1, 0, 1, '', 0, 46286, 'السبت'),
(3, 'ايصال استلام نقدية', '2020-05-17T16:18', 'خزنة حسام - الرئيسية', 4, 0, 'عميل', '', 0, '', 1, 0, 46, 'سبرتو', 11800, 10000, ''),
(4, 'ايصال استلام نقدية', '2020-05-17T16:19', 'خزنة حسام - الرئيسية', 4, 72711, 'عميل', '', 0, '', 1, 0, 36, 'حكورة', 3750, 1500, ''),
(5, 'ايصال استلام نقدية', '2020-05-17T16:23', 'خزنة حسام - الرئيسية', 4, 83500, 'عميل', '', 0, '', 1, 0, 54, 'نقدى', 12600, 55, ''),
(6, 'ايصال استلام نقدية', '2020-05-17T16:26', 'خزنة حسام - الرئيسية', 4, 83555, 'عميل', '', 0, '', 1, 0, 52, 'سكر', 28700, 2000, ''),
(7, 'ايصال استلام نقدية', '2020-05-17T16:32', 'خزنة حسام - الرئيسية', 4, 85555, 'عميل', '', 0, '', 1, 0, 45, 'شاغلهم', 11525, 3000, ''),
(8, 'ايصال استلام نقدية', '2020-05-17T16:34', 'خزنة حسام - الرئيسية', 4, 88555, 'عميل', '', 0, '', 1, 0, 21, 'عوف', 200, 190, ''),
(9, 'ايصال صرف نقدية', '2020-05-17T16:35', 'خزنة حسام - الرئيسية', 4, 88745, 'عميل', '', 0, '', 1, 0, 8, 'دكش', -32128, 10000, ''),
(10, 'ايصال صرف نقدية', '2020-05-17T16:35', 'خزنة حسام - الرئيسية', 4, 78745, 'عميل', '', 0, '', 1, 0, 54, 'نقدى', 12545, 12600, ''),
(11, 'ايصال صرف نقدية', '2020-05-17T16:36', 'خزنة حسام - الرئيسية', 4, 66145, 'عميل', '', 0, '', 1, 0, 9, 'على مشمش', -6000, 6000, ''),
(12, 'ايصال صرف نقدية', '2020-05-17T16:37', 'خزنة حسام - الرئيسية', 4, 60145, 'عميل', '', 0, '', 1, 0, 7, 'ميلاد اسكندرية', -38422, 10000, ''),
(13, 'ايصال صرف نقدية', '2020-05-17T16:37', 'خزنة حسام - الرئيسية', 4, 50145, 'عميل', '', 0, '', 1, 0, 6, 'امال', -123854, 7000, ''),
(14, 'ايصال صرف نقدية', '2020-05-17T16:37', 'خزنة حسام - الرئيسية', 4, 43145, 'عميل', '', 0, '', 1, 0, 14, 'فرهدة', -3000, 1000, ''),
(15, 'ايصال صرف نقدية', '2020-05-17T16:38', 'خزنة حسام - الرئيسية', 4, 42145, 'عميل', '', 0, '', 1, 0, 14, 'فرهدة', -2000, 2000, ''),
(16, 'ايصال صرف نقدية', '2020-05-17T16:38', 'خزنة حسام - الرئيسية', 4, 40145, 'عميل', '', 0, '', 1, 0, 6, 'امال', -116854, 3000, ''),
(17, 'ايصال صرف نقدية', '2020-05-17T16:39', 'خزنة حسام - الرئيسية', 4, 43145, 'عميل', '', 0, '', 1, 0, 8, 'دكش', -22128, 15000, ''),
(20, 'ايصال صرف نقدية', '2020-05-19T06:23', 'خزنة حسام - الرئيسية', 4, 22856, 'حساب', 'مصاريف عمال', 0, '', 1, 0, 1, '', 0, 2431, 'السبت'),
(21, 'ايصال صرف نقدية', '2020-05-19T06:31', 'خزنة حسام - الرئيسية', 4, 20425, 'حساب', 'حساب المصاريف', 0, '', 1, 0, 1, '', 0, 45, 'اكراميات'),
(22, 'ايصال صرف نقدية', '2020-05-19T07:00', 'خزنة حسام - الرئيسية', 4, 20380, 'عميل', '', 0, '', 1, 0, 55, 'مصاريف حسام البرنس', 2030, 1500, 'بيد اشرف فاروق'),
(23, 'ايصال استلام نقدية', '2020-05-19T13:50', 'خزنة حسام - الرئيسية', 4, 2135, 'عميل', '', 0, '', 1, 0, 56, 'حساب المحل - حسام', 6300, 29725, 'الاحد'),
(24, 'ايصال استلام نقدية', '2020-05-19T13:54', 'خزنة حسام - الرئيسية', 4, 31860, 'عميل', '', 0, '', 1, 0, 3, 'البرنس', -44400, 1000, ''),
(25, 'ايصال استلام نقدية', '2020-05-19T13:55', 'خزنة حسام - الرئيسية', 4, 32860, 'عميل', '', 0, '', 1, 0, 50, 'كارما', 18641, 5000, ''),
(26, 'ايصال صرف نقدية', '2020-05-19T13:56', 'خزنة حسام - الرئيسية', 4, 37860, 'حساب', 'مصاريف عمال', 2431, '', 1, 0, 1, '', 0, 1350, 'الاحد'),
(27, 'ايصال صرف نقدية', '2020-05-19T13:58', 'خزنة حسام - الرئيسية', 4, 36510, 'حساب', 'حساب المصاريف', 45, '', 1, 0, 1, '', 0, 45, 'اكراميات - بكرة لزق'),
(28, 'ايصال صرف نقدية', '2020-05-19T13:59', 'خزنة حسام - الرئيسية', 4, 36465, 'حساب', 'مصاريف عمال', 3781, '', 1, 0, 1, '', 0, 200, 'افطار عمال'),
(29, 'ايصال صرف نقدية', '2020-05-19T13:59', 'خزنة حسام - الرئيسية', 4, 36665, 'عميل', '', 0, '', 1, 0, 11, 'زيزو ابوعبده', -3800, 1000, ''),
(30, 'ايصال صرف نقدية', '2020-05-19T14:00', 'خزنة حسام - الرئيسية', 4, 35665, 'عميل', '', 0, '', 1, 0, 54, 'نقدى', -6305, 6250, 'شراء 2 بن'),
(31, 'ايصال صرف نقدية', '2020-05-19T14:01', 'خزنة حسام - الرئيسية', 4, 29415, 'عميل', '', 0, '', 1, 0, 58, 'سلفة اشرف فاروق', 0, 5000, ''),
(32, 'ايصال صرف نقدية', '2020-05-19T14:02', 'خزنة حسام - الرئيسية', 4, 24415, 'عميل', '', 0, '', 1, 0, 50, 'كارما', 13641, 6030, 'بون رقم - 2723'),
(33, 'ايصال استلام نقدية', '2020-05-19T14:07', 'خزنة حسام - الرئيسية', 4, 30445, 'عميل', '', 0, '', 1, 0, 56, 'حساب المحل - حسام', -23425, 6030, 'باقى تصفية المحل'),
(34, 'ايصال استلام نقدية', '2020-05-19T14:44', 'خزنة حسام - الرئيسية', 4, 36475, 'عميل', '', 0, '', 1, 0, 56, 'حساب المحل - حسام', -29455, 66715, 'الاثنين'),
(35, 'ايصال استلام نقدية', '2020-05-19T14:45', 'خزنة حسام - الرئيسية', 4, 103190, 'عميل', '', 0, '', 1, 0, 60, 'باقى زبون', 0, 500, 'بيد مجدى'),
(36, 'ايصال استلام نقدية', '2020-05-19T14:45', 'خزنة حسام - الرئيسية', 4, 103690, 'عميل', '', 0, '', 1, 0, 48, 'رمزى', 16240, 10000, NULL),
(37, 'ايصال استلام نقدية', '2020-05-19T14:45', 'خزنة حسام - الرئيسية', 4, 113690, 'عميل', '', 0, '', 1, 0, 52, 'سكر', 26700, 3000, NULL),
(38, 'ايصال استلام نقدية', '2020-05-19T14:46', 'خزنة حسام - الرئيسية', 4, 116690, 'عميل', '', 0, '', 1, 0, 36, 'حكورة', 2250, 1000, NULL),
(39, 'ايصال استلام نقدية', '2020-05-19T14:46', 'خزنة حسام - الرئيسية', 4, 117690, 'عميل', '', 0, '', 1, 0, 45, 'شاغلهم', 17525, 4000, NULL),
(40, 'ايصال استلام نقدية', '2020-05-19T14:47', 'خزنة حسام - الرئيسية', 4, 121690, 'عميل', '', 0, '', 1, 0, 28, 'عمرو مصطفى', 1157, 200, NULL),
(41, 'ايصال صرف نقدية', '2020-05-19T14:47', 'خزنة حسام - الرئيسية', 4, 121890, 'حساب', 'مصاريف عمال', 3581, '', 1, 0, 1, '', 0, 530, 'الاثنين'),
(42, 'ايصال صرف نقدية', '2020-05-19T14:48', 'خزنة حسام - الرئيسية', 4, 121360, 'حساب', 'حساب المصاريف', 90, '', 1, 0, 1, '', 0, 20, 'اكرامية - و باقى زبون بيد احمد عمر'),
(43, 'ايصال صرف نقدية', '2020-05-19T14:48', 'خزنة حسام - الرئيسية', 4, 121340, 'عميل', '', 0, '', 1, 0, 3, 'البرنس', -45400, 24000, ''),
(44, 'ايصال صرف نقدية', '2020-05-19T14:50', 'خزنة حسام - الرئيسية', 4, 97340, 'عميل', '', 0, '', 1, 0, 3, 'البرنس', -21400, 10000, ''),
(45, 'ايصال صرف نقدية', '2020-05-19T14:52', 'خزنة حسام - الرئيسية', 4, 107340, 'عميل', '', 0, '', 1, 0, 6, 'امال', -141304, 5000, ''),
(46, 'ايصال صرف نقدية', '2020-05-19T14:52', 'خزنة حسام - الرئيسية', 4, 102340, 'عميل', '', 0, '', 1, 0, 54, 'نقدى', -2970, 2910, 'بواكى كريلا سوبر و سليمز - 733'),
(47, 'ايصال صرف نقدية', '2020-05-19T14:58', 'خزنة حسام - الرئيسية', 4, 99430, 'عميل', '', 0, '', 1, 0, 24, 'محمد وافى', -24800, 6350, 'من ثمن بن'),
(48, 'ايصال صرف نقدية', '2020-05-19T14:58', 'خزنة حسام - الرئيسية', 4, 93080, 'عميل', '', 0, '', 1, 0, 6, 'امال', -136304, 20000, ''),
(49, 'ايصال صرف نقدية', '2020-05-19T14:59', 'خزنة حسام - الرئيسية', 4, 73080, 'عميل', '', 0, '', 1, 0, 24, 'محمد وافى', -18450, 6300, 'بيد حسن'),
(50, 'ايصال صرف نقدية', '2020-05-19T14:59', 'خزنة حسام - الرئيسية', 4, 66780, 'عميل', '', 0, '', 1, 0, 59, 'عبدالنبى', -39400, 18400, ''),
(51, 'ايصال صرف نقدية', '2020-05-19T15:00', 'خزنة حسام - الرئيسية', 4, 48380, 'عميل', '', 0, '', 1, 0, 13, 'عمرو سامى', -10050, 3000, ''),
(52, 'ايصال صرف نقدية', '2020-05-19T15:00', 'خزنة حسام - الرئيسية', 4, 45380, 'عميل', '', 0, '', 1, 0, 29, 'مصطفى ناجى', -13293, 10000, ''),
(53, 'ايصال استلام نقدية', '2020-05-19T15:01', 'خزنة حسام - الرئيسية', 4, 35380, 'عميل', '', 0, '', 1, 0, 56, 'حساب المحل - حسام', -96170, 960, ''),
(54, 'ايصال استلام نقدية', '2020-05-19T15:01', 'خزنة حسام - الرئيسية', 4, 36340, 'عميل', '', 0, '', 1, 0, 44, 'هيثم', 8980, 8550, 'بيد حسن'),
(55, 'ايصال استلام نقدية', '2020-05-19T15:02', 'خزنة حسام - الرئيسية', 4, 44890, 'عميل', '', 0, '', 1, 0, 44, 'هيثم', 430, 7000, 'بيد حسن'),
(56, 'ايصال استلام نقدية', '2020-05-20T16:11', 'خزنة حسام - الرئيسية', 4, 51890, 'عميل', '', 0, '', 1, 0, 54, 'نقدى', 20140, 20200, 'ثمن 2 ك بوكس نقدى'),
(57, 'ايصال استلام نقدية', '2020-05-20T16:31', 'خزنة حسام - الرئيسية', 4, 72090, 'عميل', '', 0, '', 1, 0, 36, 'حكورة', 1250, 1250, ''),
(58, 'ايصال استلام نقدية', '2020-05-20T16:32', 'خزنة حسام - الرئيسية', 4, 73340, 'عميل', '', 0, '', 1, 0, 45, 'شاغلهم', 22825, 4000, ''),
(59, 'ايصال صرف نقدية', '2020-05-20T16:32', 'خزنة حسام - الرئيسية', 4, 77340, 'حساب', 'مصاريف عمال', 4111, '', 1, 0, 1, '', 0, 460, 'الثلاثاء'),
(60, 'ايصال صرف نقدية', '2020-05-20T16:33', 'خزنة حسام - الرئيسية', 4, 76880, 'حساب', 'حساب المصاريف', 110, '', 1, 0, 1, '', 0, 193, 'اساتيك - وجبات - سجاير حسام - ياسين'),
(61, 'ايصال صرف نقدية', '2020-05-20T16:36', 'خزنة حسام - الرئيسية', 4, 44227, 'عميل', '', 0, '', 1, 0, 24, 'محمد وافى', -12150, 6300, 'بيد حسين'),
(62, 'ايصال صرف نقدية', '2020-05-20T16:36', 'خزنة حسام - الرئيسية', 4, 37927, 'عميل', '', 0, '', 1, 0, 47, 'راس مال عمرو صبحى', 12000, 10000, ''),
(64, 'ايصال صرف نقدية', '2020-05-20T16:40', 'خزنة حسام - الرئيسية', 4, 27927, 'عميل', '', 0, '', 1, 0, 6, 'امال', -121804, 8100, ''),
(65, 'ايصال صرف نقدية', '2020-05-20T16:40', 'خزنة حسام - الرئيسية', 4, 19827, 'عميل', '', 0, '', 1, 0, 53, 'كالوشة', -12800, 10000, ''),
(66, 'ايصال صرف نقدية', '2020-05-20T16:41', 'خزنة حسام - الرئيسية', 4, 9827, 'عميل', '', 0, '', 1, 0, 61, 'مجدى', 0, 500, 'بون - 2846'),
(67, 'ايصال استلام نقدية', '2020-05-20T16:49', 'خزنة حسام - الرئيسية', 4, 9327, 'عميل', '', 0, '', 1, 0, 56, 'حساب المحل - حسام', -97130, 43788, 'باقى دفعات الثلاثاء'),
(68, 'ايصال صرف نقدية', '2020-05-20T16:50', 'خزنة حسام - الرئيسية', 4, 53115, 'عميل', '', 0, '', 1, 0, 53, 'كالوشة', -9200, 9200, ''),
(69, 'ايصال صرف نقدية', '2020-05-20T16:54', 'خزنة حسام - الرئيسية', 4, 43915, 'عميل', '', 0, '', 1, 0, 62, 'ام ميشو', -330, 420, 'بون من المحل'),
(70, 'ايصال صرف نقدية', '2020-05-20T16:55', 'خزنة حسام - الرئيسية', 4, 43495, 'عميل', '', 0, '', 1, 0, 2, 'سيف', -15091, 4250, ''),
(71, 'ايصال صرف نقدية', '2020-05-20T16:55', 'خزنة حسام - الرئيسية', 4, 39245, 'عميل', '', 0, '', 1, 0, 3, 'البرنس', -11400, 20000, ''),
(72, 'ايصال استلام نقدية', '2020-05-20T17:57', 'خزنة حسام - الرئيسية', 4, 19245, 'عميل', '', 0, '', 1, 0, 21, 'عوف', 10, 10, ''),
(73, 'ايصال صرف نقدية', '2020-05-20T17:58', 'خزنة حسام - الرئيسية', 4, 19255, 'حساب', 'حساب المصاريف', -83, '', 1, 0, 1, '', 0, 10, 'خصم عوف'),
(74, 'ايصال استلام نقدية', '2020-05-20T18:20', 'خزنة حسام - الرئيسية', 4, 19245, 'عميل', '', 0, '', 1, 0, 56, 'حساب المحل - حسام', -140918, 100945, ''),
(75, 'ايصال استلام نقدية', '2020-05-20T18:44', 'خزنة حسام - الرئيسية', 4, 120190, 'عميل', '', 0, '', 1, 0, 52, 'سكر', 33900, 3000, ''),
(76, 'ايصال استلام نقدية', '2020-05-20T18:45', 'خزنة حسام - الرئيسية', 4, 123190, 'عميل', '', 0, '', 1, 0, 45, 'شاغلهم', 18825, 4000, ''),
(77, 'ايصال استلام نقدية', '2020-05-20T18:45', 'خزنة حسام - الرئيسية', 4, 127190, 'حساب', 'دفعات المحل', -99062, '', 1, 0, 1, '', 0, 50, 'نقدى'),
(78, 'ايصال صرف نقدية', '2020-05-20T18:46', 'خزنة حسام - الرئيسية', 4, 127240, 'حساب', 'مصاريف عمال', 4571, '', 1, 0, 1, '', 0, 950, 'الاربعاء'),
(79, 'ايصال صرف نقدية', '2020-05-20T18:46', 'خزنة حسام - الرئيسية', 4, 126290, 'حساب', 'حساب المصاريف', -73, '', 1, 0, 1, '', 0, 80, 'اكراميات و لزق و دبابيس'),
(80, 'ايصال صرف نقدية', '2020-05-20T18:47', 'خزنة حسام - الرئيسية', 4, 126210, 'عميل', '', 0, '', 1, 0, 2, 'سيف', -10841, 30000, ''),
(81, 'ايصال صرف نقدية', '2020-05-20T18:48', 'خزنة حسام - الرئيسية', 4, 96210, 'عميل', '', 0, '', 1, 0, 7, 'ميلاد اسكندرية', -28422, 10000, ''),
(82, 'ايصال صرف نقدية', '2020-05-20T18:48', 'خزنة حسام - الرئيسية', 4, 86210, 'عميل', '', 0, '', 1, 0, 6, 'امال', -113704, 10000, ''),
(83, 'ايصال صرف نقدية', '2020-05-20T18:48', 'خزنة حسام - الرئيسية', 4, 76210, 'عميل', '', 0, '', 1, 0, 11, 'زيزو ابوعبده', -2800, 1000, ''),
(84, 'ايصال صرف نقدية', '2020-05-20T18:49', 'خزنة حسام - الرئيسية', 4, 75210, 'عميل', '', 0, '', 1, 0, 29, 'مصطفى ناجى', -20793, 3500, ''),
(85, 'ايصال صرف نقدية', '2020-05-20T18:49', 'خزنة حسام - الرئيسية', 4, 71710, 'عميل', '', 0, '', 1, 0, 15, 'جرجس', -2008, 2000, ''),
(86, 'ايصال صرف نقدية', '2020-05-20T18:49', 'خزنة حسام - الرئيسية', 4, 69710, 'عميل', '', 0, '', 1, 0, 16, 'يسرى', -1937, 2000, ''),
(87, 'ايصال صرف نقدية', '2020-05-20T18:50', 'خزنة حسام - الرئيسية', 4, 67710, 'عميل', '', 0, '', 1, 0, 46, 'سبرتو', 19400, 6500, 'بون - 2903'),
(88, 'ايصال صرف نقدية', '2020-05-20T18:50', 'خزنة حسام - الرئيسية', 4, 61210, 'عميل', '', 0, '', 1, 0, 53, 'كالوشة', 5800, 4400, '25 باكو كريلا'),
(89, 'ايصال صرف نقدية', '2020-05-20T18:53', 'خزنة حسام - الرئيسية', 4, 56810, 'عميل', '', 0, '', 1, 0, 54, 'نقدى', -6450, 6450, '1 بن ازرق'),
(90, 'ايصال صرف نقدية', '2020-05-20T18:54', 'خزنة حسام - الرئيسية', 4, 50360, 'عميل', '', 0, '', 1, 0, 54, 'نقدى', -3480, 3480, '12 باكو كريلا احمر'),
(91, 'ايصال صرف نقدية', '2020-05-20T18:55', 'خزنة حسام - الرئيسية', 4, 46880, 'عميل', '', 0, '', 1, 0, 6, 'امال', -103704, 3920, 'بون - 2966'),
(92, 'ايصال صرف نقدية', '2020-05-20T18:56', 'خزنة حسام - الرئيسية', 4, 42960, 'عميل', '', 0, '', 1, 0, 63, 'رمضان بكيا', 0, 2025, 'بون - 2977'),
(93, 'ايصال صرف نقدية', '2020-05-20T18:56', 'خزنة حسام - الرئيسية', 4, 40935, 'عميل', '', 0, '', 1, 0, 2, 'سيف', 19159, 4625, '25 باكو كريلا احمر'),
(94, 'ايصال صرف نقدية', '2020-05-20T18:57', 'خزنة حسام - الرئيسية', 4, 36310, 'عميل', '', 0, '', 1, 0, 62, 'ام ميشو', 90, 330, 'مرتجع 3 باكو'),
(101, 'ايصال استلام نقدية', '2020-05-21T16:02', 'خزنة حسام - الرئيسية', 4, 35980, 'حساب', 'حساب المصاريف', 7, '', 1, 0, 1, '', 0, 95, 'رصيد مرحل - فرق خروج'),
(102, 'ايصال استلام نقدية', '2020-05-21T16:03', 'خزنة حسام - الرئيسية', 4, 36075, 'عميل', '', 0, '', 1, 0, 44, 'هيثم', 19830, 2400, 'يوم الحساب مع فخرى'),
(103, 'ايصال صرف نقدية', '2020-05-21T16:04', 'خزنة حسام - الرئيسية', 4, 38475, 'عميل', '', 0, '', 1, 0, 6, 'امال', -99784, 34500, ''),
(111, 'ايصال استلام نقدية', '2020-05-21T16:12', 'خزنة حسام - الرئيسية', 4, 3975, 'عميل', '', 0, '', 1, 0, 56, 'حساب المحل - حسام', -241863, 99745, 'الخميس'),
(112, 'ايصال استلام نقدية', '2020-05-21T16:13', 'خزنة حسام - الرئيسية', 4, 103720, 'عميل', '', 0, '', 1, 0, 45, 'شاغلهم', 14825, 4000, ''),
(113, 'ايصال استلام نقدية', '2020-05-22T16:13', 'خزنة حسام - الرئيسية', 4, 107720, 'عميل', '', 0, '', 1, 0, 63, 'رمضان بكيا', 1755, 1755, ''),
(114, 'ايصال استلام نقدية', '2020-05-21T16:14', 'خزنة حسام - الرئيسية', 4, 109475, 'عميل', '', 0, '', 1, 0, 52, 'سكر', 30900, 3000, ''),
(115, 'ايصال صرف نقدية', '2020-05-21T16:15', 'خزنة حسام - الرئيسية', 4, 112475, 'حساب', 'مصاريف عمال', 5521, '', 1, 0, 1, '', 0, 250, 'الخميس'),
(116, 'ايصال صرف نقدية', '2020-05-21T16:16', 'خزنة حسام - الرئيسية', 4, 112225, 'حساب', 'حساب المصاريف', -88, '', 1, 0, 1, '', 0, 575, 'فطار و كمامات و اكراميات'),
(117, 'ايصال صرف نقدية', '2020-05-22T16:17', 'خزنة حسام - الرئيسية', 4, 111650, 'عميل', '', 0, '', 1, 0, 55, 'مصاريف حسام البرنس', 2750, 500, 'بيد فخرى'),
(118, 'ايصال صرف نقدية', '2020-05-21T16:17', 'خزنة حسام - الرئيسية', 4, 111150, 'عميل', '', 0, '', 1, 0, 9, 'على مشمش', -8800, 8800, '1 كريلا احمر'),
(119, 'ايصال صرف نقدية', '2020-05-22T16:18', 'خزنة حسام - الرئيسية', 4, 102350, 'عميل', '', 0, '', 1, 0, 20, 'امبابى', -24428, 140, '1 سوبر'),
(120, 'ايصال صرف نقدية', '2020-05-21T16:19', 'خزنة حسام - الرئيسية', 4, 102210, 'عميل', '', 0, '', 1, 0, 6, 'امال', -114784, 15000, ''),
(121, 'ايصال صرف نقدية', '2020-05-22T16:19', 'خزنة حسام - الرئيسية', 4, 87210, 'عميل', '', 0, '', 1, 0, 11, 'زيزو ابوعبده', -1800, 1000, ''),
(122, 'ايصال صرف نقدية', '2020-05-21T16:21', 'خزنة حسام - الرئيسية', 4, 86210, 'عميل', '', 0, '', 1, 0, 20, 'امبابى', -24288, 10000, ''),
(123, 'ايصال صرف نقدية', '2020-05-21T16:21', 'خزنة حسام - الرئيسية', 4, 76210, 'عميل', '', 0, '', 1, 0, 13, 'عمرو سامى', -7050, 5000, ''),
(124, 'ايصال صرف نقدية', '2020-05-22T16:22', 'خزنة حسام - الرئيسية', 4, 71210, 'عميل', '', 0, '', 1, 0, 29, 'مصطفى ناجى', -17293, 7500, ''),
(125, 'ايصال صرف نقدية', '2020-05-22T16:30', 'خزنة حسام - الرئيسية', 4, 63710, 'عميل', '', 0, '', 1, 0, 8, 'دكش', -7128, 8000, 'بيد حسام'),
(126, 'ايصال صرف نقدية', '2020-05-21T16:34', 'خزنة حسام - الرئيسية', 4, 55710, 'عميل', '', 0, '', 1, 0, 12, 'اسماعيل', -3382, 4000, 'بيد البرنس'),
(128, 'ايصال استلام نقدية', '2020-05-22T18:28', 'خزنة حسام - الرئيسية', 4, 51710, 'عميل', '', 0, '', 1, 0, 56, 'حساب المحل - حسام', -341608, 117885, 'الجمعة'),
(129, 'ايصال استلام نقدية', '2020-05-22T18:28', 'خزنة حسام - الرئيسية', 4, 169595, 'عميل', '', 0, '', 1, 0, 61, 'مجدى', 500, 345, ''),
(130, 'ايصال استلام نقدية', '2020-05-22T18:29', 'خزنة حسام - الرئيسية', 4, 169940, 'عميل', '', 0, '', 1, 0, 31, 'رومانى سعد', 750, 690, ''),
(131, 'ايصال استلام نقدية', '2020-05-22T18:29', 'خزنة حسام - الرئيسية', 4, 170630, 'عميل', '', 0, '', 1, 0, 52, 'سكر', 27900, 3000, ''),
(132, 'ايصال استلام نقدية', '2020-05-22T18:29', 'خزنة حسام - الرئيسية', 4, 173630, 'عميل', '', 0, '', 1, 0, 45, 'شاغلهم', 10825, 4000, ''),
(133, 'ايصال صرف نقدية', '2020-05-22T18:30', 'خزنة حسام - الرئيسية', 4, 177630, 'حساب', 'مصاريف عمال', 5771, '', 1, 0, 1, '', 0, 495, 'الجمعة'),
(134, 'ايصال استلام نقدية', '2020-05-22T18:30', 'خزنة حسام - الرئيسية', 4, 177135, 'حساب', 'حساب المصاريف', 487, '', 1, 0, 1, '', 0, 145, 'اكراميات و شنط و اقلام'),
(135, 'ايصال صرف نقدية', '2020-05-22T18:31', 'خزنة حسام - الرئيسية', 4, 177280, 'عميل', '', 0, '', 1, 0, 59, 'عبدالنبى', -21000, 21000, ''),
(136, 'ايصال صرف نقدية', '2020-05-22T18:31', 'خزنة حسام - الرئيسية', 4, 156280, 'عميل', '', 0, '', 1, 0, 20, 'امبابى', -14288, 13800, ''),
(137, 'ايصال صرف نقدية', '2020-05-22T18:33', 'خزنة حسام - الرئيسية', 4, 142480, 'عميل', '', 0, '', 1, 0, 7, 'ميلاد اسكندرية', -18422, 10000, ''),
(138, 'ايصال صرف نقدية', '2020-05-22T18:35', 'خزنة حسام - الرئيسية', 4, 132480, 'عميل', '', 0, '', 1, 0, 65, 'ام مؤمن - الايجار', 5870, 1500, 'بيد مؤمن ابنها'),
(139, 'ايصال صرف نقدية', '2020-05-22T18:36', 'خزنة حسام - الرئيسية', 4, 130980, 'عميل', '', 0, '', 1, 0, 54, 'نقدى', -17580, 7750, '1 ك كليوباترا شركة'),
(140, 'ايصال صرف نقدية', '2020-05-22T18:37', 'خزنة حسام - الرئيسية', 4, 123230, 'عميل', '', 0, '', 1, 0, 2, 'سيف', -2466, 160, 'بون - 3087'),
(141, 'ايصال صرف نقدية', '2020-05-22T18:37', 'خزنة حسام - الرئيسية', 4, 123070, 'عميل', '', 0, '', 1, 0, 2, 'سيف', -2306, 6240, 'بون - 3088'),
(142, 'ايصال صرف نقدية', '2020-05-22T18:37', 'خزنة حسام - الرئيسية', 4, 116830, 'عميل', '', 0, '', 1, 0, 54, 'نقدى', -9830, 2080, '13 باكو كليوباترا'),
(143, 'ايصال صرف نقدية', '2020-05-22T18:38', 'خزنة حسام - الرئيسية', 4, 114750, 'عميل', '', 0, '', 1, 0, 64, 'مصطفى وافى', -7750, 3000, '25 باكو سوبر'),
(144, 'ايصال صرف نقدية', '2020-05-22T18:41', 'خزنة حسام - الرئيسية', 4, 111750, 'عميل', '', 0, '', 1, 0, 2, 'سيف', 3934, 4450, '25 باكو كريلا ازرق'),
(145, 'ايصال صرف نقدية', '2020-05-22T18:42', 'خزنة حسام - الرئيسية', 4, 107300, 'عميل', '', 0, '', 1, 0, 54, 'نقدى', -7750, 7750, '1 ك كليوباترا شركة'),
(146, 'ايصال صرف نقدية', '2020-05-22T18:59', 'خزنة حسام - الرئيسية', 4, 99550, 'عميل', '', 0, '', 1, 0, 20, 'امبابى', -488, 150, ''),
(147, 'ايصال صرف نقدية', '2020-05-22T18:59', 'خزنة حسام - الرئيسية', 4, 99400, 'عميل', '', 0, '', 1, 0, 63, 'رمضان بكيا', 0, 360, 'بون - 3188'),
(148, 'ايصال صرف نقدية', '2020-05-22T19:00', 'خزنة حسام - الرئيسية', 4, 99040, 'عميل', '', 0, '', 1, 0, 9, 'على مشمش', -38400, 38400, ''),
(149, 'ايصال صرف نقدية', '2020-05-22T19:00', 'خزنة حسام - الرئيسية', 4, 60640, 'عميل', '', 0, '', 1, 0, 36, 'حكورة', 0, 1600, 'بون - 3204'),
(150, 'ايصال صرف نقدية', '2020-05-22T19:00', 'خزنة حسام - الرئيسية', 4, 59040, 'عميل', '', 0, '', 1, 0, 11, 'زيزو ابوعبده', -26800, 26000, '4 ك بن ازرق'),
(153, 'ايصال استلام نقدية', '2020-05-30T14:12', 'خزنة حسام - الرئيسية', 4, 33040, 'عميل', '', 0, '', 1, 0, 56, 'حساب المحل - حسام', -459493, 112245, 'يوم الوقفة'),
(154, 'ايصال استلام نقدية', '2020-05-30T14:14', 'خزنة حسام - الرئيسية', 4, 145285, 'عميل', '', 0, '', 1, 0, 63, 'رمضان بكيا - حسام', 360, 360, ''),
(155, 'ايصال استلام نقدية', '2020-05-30T15:00', 'خزنة حسام - الرئيسية', 4, 145645, 'عميل', '', 0, '', 1, 0, 32, 'مؤمن - حسام', 1990, 300, ''),
(156, 'ايصال استلام نقدية', '2020-05-23T15:01', 'خزنة حسام - الرئيسية', 4, 145945, 'عميل', '', 0, '', 1, 0, 45, 'شاغلهم - حسام', 6825, 2000, ''),
(157, 'ايصال استلام نقدية', '2020-05-23T15:01', 'خزنة حسام - الرئيسية', 4, 147945, 'عميل', '', 0, '', 1, 0, 52, 'سكر - حسام', 24900, 3000, ''),
(158, 'ايصال صرف نقدية', '2020-05-23T15:02', 'خزنة حسام - الرئيسية', 4, 150945, 'حساب', 'مصاريف عمال', 6266, '', 1, 0, 1, '', 0, 3940, ''),
(159, 'ايصال صرف نقدية', '2020-05-23T15:02', 'خزنة حسام - الرئيسية', 4, 147005, 'حساب', 'حساب المصاريف', 342, '', 1, 0, 1, '', 0, 540, 'اكراميات و لزق و فطار عمال'),
(160, 'ايصال صرف نقدية', '2020-05-23T15:03', 'خزنة حسام - الرئيسية', 4, 146465, 'عميل', '', 0, '', 1, 0, 69, 'سلفة فخرى', 0, 1000, ''),
(161, 'ايصال صرف نقدية', '2020-05-23T15:04', 'خزنة حسام - الرئيسية', 4, 145465, 'عميل', '', 0, '', 1, 0, 29, 'مصطفى ناجى - حسام', -9793, 10000, ''),
(162, 'ايصال صرف نقدية', '2020-05-23T15:05', 'خزنة حسام - الرئيسية', 4, 135465, 'عميل', '', 0, '', 1, 0, 3, 'البرنس - حسام', 195700, 10000, ''),
(163, 'ايصال صرف نقدية', '2020-05-23T15:05', 'خزنة حسام - الرئيسية', 4, 125465, 'عميل', '', 0, '', 1, 0, 33, 'احمد عمر - حسام', 920, 5000, ''),
(164, 'ايصال صرف نقدية', '2020-05-23T15:11', 'خزنة حسام - الرئيسية', 4, 120465, 'عميل', '', 0, '', 1, 0, 70, 'احمد شبرا - حسام', -15582, 15582, ''),
(165, 'ايصال صرف نقدية', '2020-05-23T15:11', 'خزنة حسام - الرئيسية', 4, 104883, 'عميل', '', 0, '', 1, 0, 6, 'امال - حسام', -302184, 50000, 'يوم الوقفة'),
(166, 'ايصال صرف نقدية', '2020-05-23T15:12', 'خزنة حسام - الرئيسية', 4, 54883, 'عميل', '', 0, '', 1, 0, 44, 'هيثم - حسام', 36300, 2500, ''),
(167, 'ايصال صرف نقدية', '2020-05-23T15:12', 'خزنة حسام - الرئيسية', 4, 52383, 'عميل', '', 0, '', 1, 0, 54, 'نقدى - حسام', 15500, 8000, ''),
(168, 'ايصال صرف نقدية', '2020-05-23T15:13', 'خزنة حسام - الرئيسية', 4, 44383, 'عميل', '', 0, '', 1, 0, 54, 'نقدى - حسام', 23500, 3100, '20 باكو بوكس اخضر'),
(169, 'ايصال صرف نقدية', '2020-05-23T15:13', 'خزنة حسام - الرئيسية', 4, 41283, 'عميل', '', 0, '', 1, 0, 5, 'طنطاوى - حسام', 2000, 7000, ''),
(170, 'ايصال صرف نقدية', '2020-05-23T15:14', 'خزنة حسام - الرئيسية', 4, 34283, 'عميل', '', 0, '', 1, 0, 3, 'البرنس - حسام', 205700, 2500, 'صندوق عربية'),
(171, 'ايصال صرف نقدية', '2020-05-23T15:14', 'خزنة حسام - الرئيسية', 4, 31783, 'عميل', '', 0, '', 1, 0, 11, 'زيزو ابوعبده - حسام', -800, 800, ''),
(172, 'ايصال صرف نقدية', '2020-05-23T15:15', 'خزنة حسام - الرئيسية', 4, 30983, 'عميل', '', 0, '', 1, 0, 3, 'البرنس - حسام', 208200, 25000, ''),
(173, 'ايصال استلام نقدية', '2020-05-30T15:16', 'خزنة حسام - الرئيسية', 4, 5983, 'عميل', '', 0, '', 1, 0, 54, 'نقدى - حسام', 26600, 22600, '1 روزمان - مانشستر - 2 بن'),
(174, 'ايصال صرف نقدية', '2020-05-23T15:19', 'خزنة حسام - الرئيسية', 4, 28583, 'عميل', '', 0, '', 1, 0, 3, 'البرنس - حسام', 233200, 650, 'بيد مجدى - برشام'),
(175, 'ايصال استلام نقدية', '2020-05-23T15:20', 'خزنة حسام - الرئيسية', 4, 27933, 'عميل', '', 0, '', 1, 0, 56, 'حساب المحل - حسام', -571738, 7500, ''),
(176, 'ايصال صرف نقدية', '2020-05-23T15:20', 'خزنة حسام - الرئيسية', 4, 35433, 'عميل', '', 0, '', 1, 0, 3, 'البرنس - حسام', 233850, 30000, 'يوم الوقفة'),
(177, 'ايصال صرف نقدية', '2020-05-23T15:21', 'خزنة حسام - الرئيسية', 4, 5433, 'حساب', 'حساب المصاريف', 882, '', 1, 0, 1, '', 0, 100, 'وهبة احمد عمر'),
(178, 'ايصال استلام نقدية', '2020-05-30T15:21', 'خزنة حسام - الرئيسية', 4, 4333, 'عميل', '', 0, '', 1, 0, 3, 'البرنس - حسام', 264850, 1000, 'دفعة الى هيثم'),
(179, 'ايصال استلام نقدية', '2020-05-30T15:23', 'خزنة حسام - الرئيسية', 4, 6333, 'عميل', '', 0, '', 1, 0, 3, 'البرنس - حسام', 263850, 98000, 'ثمن 20 ك بوكس كوين'),
(180, 'ايصال صرف نقدية', '2020-05-30T15:24', 'خزنة حسام - الرئيسية', 4, 104333, 'عميل', '', 0, '', 1, 0, 44, 'هيثم - حسام', 38800, 1000, 'بيد حسام فى العيد'),
(181, 'ايصال صرف نقدية', '2020-05-30T15:24', 'خزنة حسام - الرئيسية', 4, 103333, 'عميل', '', 0, '', 1, 0, 3, 'البرنس - حسام', 165850, 98000, 'ثمن 20 ك بوكس كوين'),
(182, 'ايصال استلام نقدية', '2020-05-30T15:26', 'خزنة حسام - المحل', 2, 9100, 'حساب', 'حساب المصاريف', 982, '', 1, 0, 1, '', 0, 8, 'خصم من حساب جرجس'),
(183, 'ايصال صرف نقدية', '2020-05-30T15:26', 'خزنة حسام - المحل', 2, 9108, 'عميل', '', 0, '', 1, 0, 15, 'جرجس - حسام', -8, 8, 'خصم'),
(184, 'ايصال استلام نقدية', '2020-05-30T17:46', 'خزنة حسام - الرئيسية', 4, 5333, 'عميل', '', 0, '', 1, 0, 44, 'هيثم - حسام', -12150, 3000, ''),
(185, 'ايصال استلام نقدية', '2020-05-30T18:38', 'خزنة حسام - الرئيسية', 4, 8333, 'عميل', '', 0, '', 1, 0, 56, 'حساب المحل - حسام', -579238, 150780, 'السبت - اول يوم بعد العيد'),
(186, 'ايصال استلام نقدية', '2020-05-30T18:57', 'خزنة حسام - الرئيسية', 4, 159113, 'عميل', '', 0, '', 1, 0, 3, 'البرنس - حسام', 263850, 120000, ''),
(187, 'ايصال استلام نقدية', '2020-05-30T18:57', 'خزنة حسام - الرئيسية', 4, 279113, 'عميل', '', 0, '', 1, 0, 45, 'شاغلهم - حسام', 16075, 3000, ''),
(188, 'ايصال استلام نقدية', '2020-05-30T18:57', 'خزنة حسام - الرئيسية', 4, 282113, 'عميل', '', 0, '', 1, 0, 54, 'نقدى - حسام', 9300, 9300, ''),
(189, 'ايصال استلام نقدية', '2020-05-30T18:58', 'خزنة حسام - الرئيسية', 4, 291413, 'عميل', '', 0, '', 1, 0, 52, 'سكر - حسام', 21900, 2000, ''),
(190, 'ايصال استلام نقدية', '2020-05-30T18:58', 'خزنة حسام - الرئيسية', 4, 293413, 'عميل', '', 0, '', 1, 0, 36, 'حكورة - حسام', 1600, 1600, ''),
(191, 'ايصال صرف نقدية', '2020-05-30T18:58', 'خزنة حسام - الرئيسية', 4, 295013, 'حساب', 'مصاريف عمال', 10206, '', 1, 0, 1, '', 0, 200, ''),
(192, 'ايصال صرف نقدية', '2020-05-30T18:59', 'خزنة حسام - الرئيسية', 4, 294813, 'حساب', 'حساب المصاريف', 974, '', 1, 0, 1, '', 0, 1200, 'خصم طارق امبابى'),
(193, 'ايصال صرف نقدية', '2020-05-30T18:59', 'خزنة حسام - الرئيسية', 4, 293613, 'حساب', 'حساب المصاريف', 2174, '', 1, 0, 1, '', 0, 100, 'شنط - مشاريب حسام'),
(194, 'ايصال صرف نقدية', '2020-05-30T19:00', 'خزنة حسام - الرئيسية', 4, 293513, 'عميل', '', 0, '', 1, 0, 20, 'امبابى - حسام', -26838, 2000, ''),
(195, 'ايصال صرف نقدية', '2020-05-30T19:00', 'خزنة حسام - الرئيسية', 4, 291513, 'عميل', '', 0, '', 1, 0, 6, 'امال - حسام', -252184, 100000, 'بعد اجازة العيد'),
(196, 'ايصال صرف نقدية', '2020-05-30T19:00', 'خزنة حسام - الرئيسية', 4, 191513, 'عميل', '', 0, '', 1, 0, 20, 'امبابى - حسام', -24838, 22800, ''),
(197, 'ايصال صرف نقدية', '2020-05-30T19:01', 'خزنة حسام - الرئيسية', 4, 168713, 'عميل', '', 0, '', 1, 0, 68, 'بصلة - حسام', -5250, 5250, ''),
(198, 'ايصال صرف نقدية', '2020-05-30T19:01', 'خزنة حسام - الرئيسية', 4, 163463, 'عميل', '', 0, '', 1, 0, 49, 'جمعية - حسام', 18400, 6000, ''),
(199, 'ايصال صرف نقدية', '2020-05-30T19:01', 'خزنة حسام - الرئيسية', 4, 157463, 'عميل', '', 0, '', 1, 0, 55, 'مصاريف حسام البرنس', 3250, 6000, 'البرنس - جمعية'),
(200, 'ايصال صرف نقدية', '2020-05-30T19:02', 'خزنة حسام - الرئيسية', 4, 151463, 'عميل', '', 0, '', 1, 0, 53, 'كالوشة - حسام', -27400, 13700, '2 ك بن'),
(201, 'ايصال صرف نقدية', '2020-05-30T19:03', 'خزنة حسام - الرئيسية', 4, 137763, 'عميل', '', 0, '', 1, 0, 54, 'نقدى - حسام', -34000, 34000, '5 بن احمر'),
(202, 'ايصال صرف نقدية', '2020-05-30T19:03', 'خزنة حسام - الرئيسية', 4, 103763, 'عميل', '', 0, '', 1, 0, 20, 'امبابى - حسام', -2038, 2000, '1 ك شعبى'),
(203, 'ايصال صرف نقدية', '2020-05-30T19:04', 'خزنة حسام - الرئيسية', 4, 101763, 'عميل', '', 0, '', 1, 0, 45, 'شاغلهم - حسام', 13075, 2750, 'بون - 3420'),
(204, 'ايصال صرف نقدية', '2020-05-22T13:52', 'خزنة حسام - الرئيسية', 4, 99013, 'عميل', '', 0, '', 1, 0, 55, 'مصاريف حسام البرنس', 9250, 1000, 'حسام االبرنس بيد اشرف'),
(205, 'ايصال صرف نقدية', '2020-05-31T13:52', 'خزنة حسام - الرئيسية', 4, 98013, 'حساب', 'مصاريف عمال', 10406, '', 1, 0, 1, '', 0, 1055, 'بكيا - عمرو شحتة'),
(206, 'ايصال استلام نقدية', '2020-05-31T11:43', 'خزنة حسام - الرئيسية', 4, 96958, 'عميل', '', 0, '', 1, 0, 56, 'حساب المحل - حسام', -730018, 120540, 'الاحد'),
(207, 'ايصال استلام نقدية', '2020-05-31T11:44', 'خزنة حسام - الرئيسية', 4, 217498, 'عميل', '', 0, '', 1, 0, 52, 'سكر - حسام', 19900, 4000, 'على سكر'),
(208, 'ايصال استلام نقدية', '2020-05-31T11:45', 'خزنة حسام - الرئيسية', 4, 221498, 'عميل', '', 0, '', 1, 0, 71, 'نور فارس', 13650, 16000, ''),
(209, 'ايصال استلام نقدية', '2020-05-31T11:46', 'خزنة حسام - الرئيسية', 4, 237498, 'عميل', '', 0, '', 1, 0, 71, 'نور فارس', -2350, 2450, ''),
(210, 'ايصال صرف نقدية', '2020-05-31T11:46', 'خزنة حسام - الرئيسية', 4, 239948, 'حساب', 'مصاريف عمال', 11461, '', 1, 0, 1, '', 0, 250, 'الاحد'),
(211, 'ايصال صرف نقدية', '2020-05-31T11:46', 'خزنة حسام - الرئيسية', 4, 239698, 'حساب', 'حساب المصاريف', 2274, '', 1, 0, 1, '', 0, 150, 'صيانة كمبيوتر'),
(212, 'ايصال صرف نقدية', '2020-05-31T11:47', 'خزنة حسام - الرئيسية', 4, 239548, 'حساب', 'حساب المصاريف', 2424, '', 1, 0, 1, '', 0, 135, 'اكراميات و لزق و مشاريب'),
(213, 'ايصال صرف نقدية', '2020-05-31T11:47', 'خزنة حسام - الرئيسية', 4, 239413, 'عميل', '', 0, '', 1, 0, 54, 'نقدى - حسام', -36500, 7000, '1 سوبر اخضر'),
(214, 'ايصال صرف نقدية', '2020-05-31T11:49', 'خزنة حسام - الرئيسية', 4, 232413, 'عميل', '', 0, '', 1, 0, 54, 'نقدى - حسام', -29500, 8800, '1 كريلا احمر'),
(215, 'ايصال صرف نقدية', '2020-05-31T11:49', 'خزنة حسام - الرئيسية', 4, 223613, 'عميل', '', 0, '', 1, 0, 54, 'نقدى - حسام', -20700, 6850, '1 بن ازرق'),
(216, 'ايصال صرف نقدية', '2020-05-31T11:49', 'خزنة حسام - الرئيسية', 4, 216763, 'عميل', '', 0, '', 1, 0, 54, 'نقدى - حسام', -13850, 6850, '1 بن ازرق'),
(217, 'ايصال صرف نقدية', '2020-05-31T11:50', 'خزنة حسام - الرئيسية', 4, 209913, 'عميل', '', 0, '', 1, 0, 71, 'نور فارس', -4800, 5000, 'بون - 3505'),
(218, 'ايصال صرف نقدية', '2020-05-31T11:50', 'خزنة حسام - الرئيسية', 4, 204913, 'عميل', '', 0, '', 1, 0, 44, 'هيثم - حسام', -21878, 1000, ''),
(219, 'ايصال صرف نقدية', '2020-05-31T11:51', 'خزنة حسام - الرئيسية', 4, 203913, 'عميل', '', 0, '', 1, 0, 55, 'مصاريف حسام البرنس', 9990, 700, 'تصليح التليفون'),
(220, 'ايصال صرف نقدية', '2020-05-31T11:51', 'خزنة حسام - الرئيسية', 4, 203213, 'عميل', '', 0, '', 1, 0, 54, 'نقدى - حسام', -7000, 7000, '1 بن ازرق'),
(221, 'ايصال صرف نقدية', '2020-05-31T11:52', 'خزنة حسام - الرئيسية', 4, 196213, 'عميل', '', 0, '', 1, 0, 6, 'امال - حسام', -152184, 25000, 'بيد كريم بنها'),
(222, 'ايصال صرف نقدية', '2020-05-31T11:52', 'خزنة حسام - الرئيسية', 4, 171213, 'عميل', '', 0, '', 1, 0, 44, 'هيثم - حسام', -20878, 2000, ''),
(223, 'ايصال صرف نقدية', '2020-05-31T11:52', 'خزنة حسام - الرئيسية', 4, 169213, 'عميل', '', 0, '', 1, 0, 55, 'مصاريف حسام البرنس', 10690, 2000, 'حسام جمعية'),
(224, 'ايصال صرف نقدية', '2020-06-01T12:02', 'خزنة حسام - الرئيسية', 4, 167213, 'عميل', '', 0, '', 1, 0, 3, 'البرنس - حسام', 142850, 100000, ''),
(225, 'ايصال صرف نقدية', '2020-06-01T12:03', 'خزنة حسام - الرئيسية', 4, 67213, 'عميل', '', 0, '', 1, 0, 47, 'راس مال عمرو صبحى - حسام', 22000, 33000, 'خالص شهر 5');

-- --------------------------------------------------------

--
-- Table structure for table `safes`
--

CREATE TABLE `safes` (
  `safeId` int(11) NOT NULL,
  `safeName` varchar(100) COLLATE utf8_unicode_ci DEFAULT NULL,
  `workerId` int(11) DEFAULT NULL,
  `safeEmployee` varchar(100) COLLATE utf8_unicode_ci DEFAULT NULL,
  `opendVal` int(11) NOT NULL,
  `currentSafeVal` int(100) DEFAULT NULL
) ENGINE=InnoDB DEFAULT CHARSET=utf8 COLLATE=utf8_unicode_ci;

--
-- Dumping data for table `safes`
--

INSERT INTO `safes` (`safeId`, `safeName`, `workerId`, `safeEmployee`, `opendVal`, `currentSafeVal`) VALUES
(1, NULL, NULL, NULL, 0, NULL),
(2, 'خزنة حسام - المحل', 20, 'مجدى', 0, 9100),
(3, 'خزنة سيف - المحل', 35, 'عمرو مصطفى', 0, 10245),
(4, 'خزنة حسام - الرئيسية', 42, 'اشرف فاروق', 9680, 34213),
(7, 'خزنة سيف - الرئيسية', 42, 'اشرف فاروق', 45045, 45045);

-- --------------------------------------------------------

--
-- Table structure for table `stockpridge`
--

CREATE TABLE `stockpridge` (
  `stockProductId` int(11) NOT NULL,
  `stockId` int(11) NOT NULL,
  `productId` int(11) NOT NULL,
  `productQty` int(14) DEFAULT NULL,
  `productCost` int(14) DEFAULT NULL,
  `productPrice` int(14) DEFAULT NULL
) ENGINE=InnoDB DEFAULT CHARSET=utf8 COLLATE=utf8_unicode_ci;

--
-- Dumping data for table `stockpridge`
--

INSERT INTO `stockpridge` (`stockProductId`, `stockId`, `productId`, `productQty`, `productCost`, `productPrice`) VALUES
(1, 4, 14, 325, 78, 140),
(2, 4, 16, 299, 57, 0),
(12, 4, 18, 1355, 10, 0),
(13, 4, 21, 101, 0, 0),
(14, 4, 23, 548, 0, 112),
(15, 4, 25, 850, 28, 0),
(16, 4, 26, 220, 0, 0),
(17, 4, 28, 2489, 0, 76),
(18, 4, 29, 596, -1, 0),
(19, 4, 51, 159, 0, 100),
(20, 4, 69, 2739, 0, 110),
(21, 4, 70, 48, 0, 0),
(22, 4, 71, 551, 0, 0),
(23, 4, 73, 300, 0, 0),
(24, 4, 12, 350, 131, 0),
(25, 4, 13, 299, 97, 137),
(26, 3, 18, 713, 48, 0),
(27, 3, 12, 602, -1, 0),
(28, 3, 13, 75, 127, 0),
(29, 3, 73, 50, 83, 0),
(30, 3, 29, 334, 23, 0),
(31, 4, 74, 15, 50, 0),
(32, 4, 75, 3, 3, 0),
(33, 2, 12, 37, 131, 130),
(34, 3, 16, 125, 0, 0),
(35, 3, 74, 15, 50, 0),
(36, 3, 75, 3, 3, 0),
(37, 4, 76, 150, 58, 60),
(38, 4, 20, 151, 176, 186),
(39, 4, 77, 32, 0, 0),
(40, 4, 50, 0, 290, 0),
(41, 4, 78, 4, 160, 0),
(42, 4, 79, 120, 0, 0),
(43, 4, 79, 50, 183, 0),
(44, 4, 49, 0, 184, 202),
(45, 3, 20, 101, 174, 0),
(46, 3, 50, 24, 290, 0),
(47, 3, 77, 2, 180, 0),
(48, 3, 78, 4, 160, 0),
(49, 3, 79, 50, 183, 0),
(50, 3, 14, 125, 0, 0),
(51, 3, 28, 52, 74, 0),
(52, 4, 24, 500, 110, 0),
(53, 3, 24, 50, 110, 0),
(54, 4, 81, 0, 70, 80),
(55, 3, 76, 50, 58, 0),
(56, 2, 13, 3, 160, 0),
(57, 2, 18, 0, 190, 0),
(58, 2, 22, 5, 180, 0),
(59, 2, 23, 5, 190, 0),
(60, 2, 30, 5, 150, 0),
(61, 2, 45, 0, 550, 0),
(62, 2, 32, 0, 5, 0),
(63, 5, 12, 171, 0, 0),
(64, 5, 24, 50, 0, 0),
(65, 5, 13, 100, 0, 0),
(66, 5, 41, 44, 0, 0),
(67, 5, 16, 50, 176, 0),
(68, 2, 16, 0, 176, 0),
(69, 5, 20, 100, 166, 0),
(70, 5, 80, 200, 169, 0),
(71, 6, 14, 100, 83, 0),
(72, 6, 82, 300, 92, 0),
(73, 6, 83, 200, 90, 0),
(74, 6, 84, 50, 66, 0),
(75, 6, 85, 50, 95, 0),
(76, 6, 71, 100, 92, 0),
(77, 6, 69, 550, 92, 0),
(78, 5, 52, 50, 105, 0),
(79, 4, 52, 500, 100, 0);

-- --------------------------------------------------------

--
-- Table structure for table `stocks`
--

CREATE TABLE `stocks` (
  `stockId` int(11) NOT NULL,
  `stockName` varchar(100) COLLATE utf8_unicode_ci DEFAULT NULL,
  `stockPlace` varchar(100) COLLATE utf8_unicode_ci DEFAULT NULL,
  `stockEmployee` varchar(100) COLLATE utf8_unicode_ci DEFAULT NULL,
  `stockProducts` int(14) DEFAULT NULL
) ENGINE=InnoDB DEFAULT CHARSET=utf8 COLLATE=utf8_unicode_ci;

--
-- Dumping data for table `stocks`
--

INSERT INTO `stocks` (`stockId`, `stockName`, `stockPlace`, `stockEmployee`, `stockProducts`) VALUES
(1, NULL, NULL, NULL, NULL),
(2, 'محل سيف', '102 - باب البحر', 'وائل', NULL),
(3, 'محل حسام', 'باب البحر - امام الضبع', 'طارق', NULL),
(4, 'حسام المخزن', 'العمارة - ثالث', 'ارنوب', NULL),
(5, 'سيف المخزن', 'العمارة - ثانى', 'فاروق', NULL),
(6, 'مخزن بعيد - حسام', 'حسام', 'حسام البرنس', NULL);

-- --------------------------------------------------------

--
-- Table structure for table `stocktransaction`
--

CREATE TABLE `stocktransaction` (
  `stockTransactionId` varchar(50) COLLATE utf8_unicode_ci NOT NULL,
  `invNumber` int(100) DEFAULT NULL,
  `stockId` int(11) NOT NULL,
  `sndStockId` int(11) DEFAULT NULL,
  `transactionType` int(11) NOT NULL,
  `customerId` int(11) DEFAULT NULL,
  `invoiceTotal` int(11) DEFAULT NULL,
  `notes` varchar(100) COLLATE utf8_unicode_ci DEFAULT NULL,
  `date_time` varchar(100) COLLATE utf8_unicode_ci DEFAULT NULL
) ENGINE=InnoDB DEFAULT CHARSET=utf8 COLLATE=utf8_unicode_ci;

--
-- Dumping data for table `stocktransaction`
--

INSERT INTO `stocktransaction` (`stockTransactionId`, `invNumber`, `stockId`, `sndStockId`, `transactionType`, `customerId`, `invoiceTotal`, `notes`, `date_time`) VALUES
('1589723611583', 1, 4, 1, 1, 27, 4150, '', '2020-05-17T15:52'),
('1589724526163', 2, 4, 1, 1, 54, 12600, '', '2020-05-17T16:07'),
('1589724611633', 1, 4, 3, 3, 1, 21500, 'اول اذن نقل', '2020-05-17T16:09'),
('1589886106772', 3, 3, 1, 1, 56, 6300, 'اذن اضافة', '2020-05-19T13:00'),
('1589886165426', 4, 4, 1, 1, 54, 6250, '', '2020-05-19T13:02'),
('1589886193050', 5, 4, 1, 1, 24, 6300, '', '2020-05-19T13:02'),
('1589886722508', 6, 4, 1, 1, 31, 1050, 'مرتجع', '2020-05-19T13:11'),
('1589888065730', 2, 4, 3, 3, 1, 29684, '', '2020-05-19T13:33'),
('1589888269491', 7, 4, 1, 1, 29, 14500, '', '2020-05-19T13:37'),
('1589890687913', 9, 4, 1, 1, 54, 2915, '', '2020-05-19T14:14'),
('1589891048616', 10, 4, 1, 1, 6, 27450, '734 - 737', '2020-05-19T14:21'),
('1589891145758', 11, 4, 1, 1, 24, 12650, '735 - 736', '2020-05-19T14:24'),
('1589891183603', 11, 4, 1, 1, 13, 7000, '744', '2020-05-19T14:25'),
('1589891263211', 12, 4, 1, 1, 59, 39400, '745', '2020-05-19T14:26'),
('1589891413187', 3, 3, 4, 3, 1, 6300, '719', '2020-05-19T14:29'),
('1589891564506', 4, 3, 4, 3, 1, 6250, '746', '2020-05-19T14:32'),
('1589891774402', 5, 4, 3, 3, 1, 74615, '727 - 744', '2020-05-19T14:32'),
('1589891864818', 1, 4, 1, 2, 2, 17500, '741', '2020-05-19T14:42'),
('1589892086771', 2, 4, 1, 2, 45, 9000, '716', '2020-05-19T14:39'),
('1589894147583', 3, 4, 1, 2, 46, 18000, '741', '2020-05-19T15:15'),
('1589905105190', 13, 4, 1, 1, 2, 4300, '747', '2020-05-19T18:17'),
('1589905190719', 14, 4, 1, 1, 53, 9600, '748', '2020-05-19T18:19'),
('1589905479371', 15, 4, 1, 1, 6, 5500, '3106', '2020-05-19T18:24'),
('1589905661239', 16, 4, 1, 1, 53, 3200, 'كمبيوتر', '2020-05-19T18:27'),
('1589905760747', 17, 4, 1, 1, 46, 19800, 'كمبيوتر', '2020-05-19T18:28'),
('1589905893656', 6, 4, 3, 3, 1, 51075, '748 - 3107', '2020-05-19T18:30'),
('1589905948077', 4, 4, 1, 2, 44, 19400, '3102', '2020-05-19T18:31'),
('1589906477038', 5, 4, 1, 2, 54, 20200, '- 3103', '2020-05-19T18:40'),
('1589906602811', 6, 4, 1, 2, 45, 9300, '- 3108', '2020-05-19T18:43'),
('1589907381769', 7, 4, 1, 2, 46, 19400, '3018', '2020-05-19T18:56'),
('1589986031626', 18, 4, 1, 1, 53, 6400, '', '2020-05-20T16:45'),
('1589986487445', 19, 3, 1, 1, 62, 330, 'مرتجع', '2020-05-20T16:54'),
('1589991045569', 20, 4, 1, 1, 53, 4400, '3109', '2020-05-20T18:09'),
('1589991132417', 21, 4, 1, 1, 29, 17500, '3118', '2020-05-20T18:11'),
('1589991243176', 8, 4, 1, 2, 52, 10200, '3115', '2020-05-20T18:14'),
('1589991557518', 7, 4, 3, 3, 1, 45853, '', '2020-05-20T18:15'),
('1589993587820', 22, 3, 1, 1, 54, 6450, '', '2020-05-20T18:52'),
('1589993680234', 23, 3, 1, 1, 54, 3480, '', '2020-05-20T18:54'),
('1589994177440', 24, 3, 1, 1, 62, 330, 'مرتجع', '2020-05-20T19:02'),
('1590068849789', 26, 4, 1, 1, 44, 18000, '3124', '2020-05-21T15:46'),
('1590068915550', 10, 4, 1, 2, 44, 25000, '3125', '2020-05-21T15:47'),
('1590070048239', 27, 3, 1, 1, 44, 130, '', '2020-05-21T16:07'),
('1590149200338', 36, 4, 1, 1, 9, 8800, '3121', '2020-05-21T14:05'),
('1590149379403', 37, 4, 1, 1, 2, 8600, '3122', '2020-05-21T14:09'),
('1590149489222', 38, 4, 1, 1, 46, 18600, '3123', '2020-05-21T14:10'),
('1590156117158', 39, 4, 1, 1, 20, 24428, '3126', '2020-05-21T16:00'),
('1590156221093', 40, 4, 1, 1, 6, 49500, '3128', '2020-05-21T16:03'),
('1590156263024', 41, 3, 1, 1, 63, 270, '4035', '2020-05-21T16:03'),
('1590163111430', 43, 4, 1, 1, 54, 7750, '3129', '2020-05-22T17:56'),
('1590163149701', 44, 4, 1, 1, 2, 13200, '3131', '2020-05-22T17:58'),
('1590163182905', 45, 4, 1, 1, 54, 2080, '3133', '2020-05-22T17:59'),
('1590163273341', 46, 4, 1, 1, 64, 3000, '3135', '2020-05-22T18:00'),
('1590163295966', 47, 4, 1, 1, 2, 4450, '3136', '2020-05-22T18:01'),
('1590163317210', 48, 4, 1, 1, 54, 7750, '3138', '2020-05-22T18:01'),
('1590163342690', 49, 4, 1, 1, 46, 7750, '3139', '2020-05-22T18:02'),
('1590163498778', 8, 4, 3, 3, 1, 38359, '3129 - 3140', '2020-05-22T18:03'),
('1590164681340', 50, 4, 1, 1, 9, 38400, '3140', '2020-05-22T18:24'),
('1590164715252', 50, 3, 1, 1, 11, 26000, '', '2020-05-22T18:24'),
('1590242808769', 51, 4, 1, 1, 46, 13132, '', '2020-05-23T16:05'),
('1590619524494', 9, 1, 5, 3, 1, 0, 'رصيد اول', '2020-05-28T00:45'),
('1590622474704', 52, 5, 1, 1, 66, 8800, '', '2020-05-28T01:34'),
('1590623597879', 53, 5, 1, 1, 66, 8300, '5980', '2020-05-28T01:52'),
('1590690298346', 54, 5, 1, 1, 66, 8350, '5983', '2020-05-28T20:24'),
('1590693843601', 55, 5, 1, 1, 67, 33800, '5985', '2020-05-28T21:23'),
('1590828391377', 56, 4, 1, 1, 54, 4000, '3142', '2020-05-23T10:40'),
('1590828447953', 57, 4, 1, 1, 54, 4000, '3144', '2020-05-30T10:47'),
('1590828545527', 60, 4, 1, 1, 44, 13000, '3145', '2020-05-23T10:48'),
('1590829306064', 10, 1, 6, 3, 1, 92050, '', '2020-05-30T11:01'),
('1590829392713', 61, 4, 1, 1, 6, 202400, '5202', '2020-05-23T11:02'),
('1590830721307', 62, 3, 1, 1, 54, 3100, '', '2020-05-30T11:24'),
('1590830773499', 11, 4, 6, 3, 1, 184000, '', '2020-05-30T11:25'),
('1590832526503', 63, 5, 1, 1, 68, 5250, '5206', '2020-05-30T11:54'),
('1590832559252', 64, 4, 1, 1, 20, 22500, '5207', '2020-05-30T11:55'),
('1590832677027', 12, 6, 4, 3, 1, 154150, '', '2020-05-30T11:57'),
('1590832713164', 65, 4, 1, 1, 44, 18000, '', '2020-05-30T11:58'),
('1590832764137', 66, 4, 1, 1, 46, 16950, '', '2020-05-30T11:59'),
('1590833587941', 17, 4, 1, 2, 3, 161100, '', '2020-05-30T13:32'),
('1590838893306', 18, 4, 1, 2, 44, 25000, 'فى ايام العيد', '2020-05-30T13:41'),
('1590838933683', 19, 4, 1, 2, 46, 26000, 'فى ايام العيد', '2020-05-30T13:41'),
('1590839663609', 13, 1, 4, 3, 1, 477199, '', '2020-05-15T13:47'),
('1590839710699', 20, 4, 1, 2, 3, 26000, 'فى ايام العيد', '2020-05-30T13:54'),
('1590840447428', 21, 4, 1, 2, 54, 18600, 'فى ايام العيد', '2020-05-30T14:06'),
('1590840634028', 22, 4, 1, 2, 54, 4000, '', '2020-05-30T14:10'),
('1590844269625', 67, 3, 1, 1, 70, 15582, 'يوم الوقفة', '2020-05-30T15:10'),
('1590846482115', 23, 4, 1, 2, 2, 30600, '5204', '2020-05-30T15:47'),
('1590846598819', 24, 4, 1, 2, 2, 14000, 'اذن كمبيوتر', '2020-05-30T15:49'),
('1590846786743', 68, 4, 1, 1, 20, 2000, '', '2020-05-30T15:52'),
('1590847050788', 69, 4, 1, 1, 2, 6800, '5215', '2020-05-30T15:56'),
('1590847192940', 70, 4, 1, 1, 53, 13700, '5216', '2020-05-30T15:59'),
('1590850083552', 71, 2, 1, 1, 57, 2720, '', '2020-05-30T16:47'),
('1590852391002', 72, 3, 1, 1, 44, 27450, 'اذن كمبيوتر - 466', '2020-05-30T17:25'),
('1590855994795', 25, 4, 1, 2, 44, 15000, 'بعد العيد', '2020-05-30T18:25'),
('1590856904294', 73, 4, 1, 1, 20, 2000, '5223', '2020-05-30T18:41'),
('1590857165470', 74, 4, 1, 1, 54, 34000, '5218', '2020-05-30T18:45'),
('1590857475682', 26, 4, 1, 2, 46, 25000, 'قبل الوقفة بيوم', '2020-05-30T18:50'),
('1590857535757', 27, 4, 1, 2, 54, 9300, '5221 - نور فارس', '2020-05-30T18:51'),
('1590857610730', 28, 4, 1, 2, 45, 11250, '5220', '2020-05-30T18:52'),
('1590858628186', 75, 3, 1, 1, 5, 8700, 'بدون اذن', '2020-05-30T19:09'),
('1590998559156', 79, 4, 1, 1, 57, 260, '', '2020-05-31T10:02'),
('1590998607305', 80, 2, 1, 1, 57, 270, '', '2020-05-31T10:03'),
('1590998689061', 81, 2, 1, 1, 57, 1380, '', '2020-05-31T10:04'),
('1590998715796', 82, 2, 1, 1, 57, 1700, '', '2020-06-01T10:04'),
('1591000623053', 83, 4, 1, 1, 54, 15650, '5225', '2020-05-31T10:36'),
('1591000665481', 84, 4, 1, 1, 54, 7000, '5224', '2020-05-31T10:37'),
('1591000718230', 85, 4, 1, 1, 54, 6850, '5226', '2020-05-31T10:38'),
('1591000826084', 86, 4, 1, 1, 3, 41750, '5229', '2020-05-31T10:38'),
('1591000938484', 87, 4, 1, 1, 9, 110600, '5234', '2020-05-31T10:40'),
('1591000987325', 88, 4, 1, 1, 44, 21228, '481 - اذن كمبيوتر', '2020-05-31T10:42'),
('1591001044959', 89, 3, 1, 1, 54, 7000, 'بدون اذن', '2020-05-31T10:43'),
('1591002582948', 30, 4, 1, 2, 71, 13650, '5231', '2020-05-31T11:09');

-- --------------------------------------------------------

--
-- Table structure for table `stocktransactiondetails`
--

CREATE TABLE `stocktransactiondetails` (
  `stockTransactionDetailsId` int(11) NOT NULL,
  `stockTransactionId` varchar(50) COLLATE utf8_unicode_ci NOT NULL,
  `productId` int(11) NOT NULL,
  `price` int(14) NOT NULL,
  `Qty` int(14) NOT NULL
) ENGINE=InnoDB DEFAULT CHARSET=utf8 COLLATE=utf8_unicode_ci;

--
-- Dumping data for table `stocktransactiondetails`
--

INSERT INTO `stocktransactiondetails` (`stockTransactionDetailsId`, `stockTransactionId`, `productId`, `price`, `Qty`) VALUES
(1, '1589723611583', 73, 83, 50),
(2, '1589724526163', 12, 125, 50),
(3, '1589724526163', 13, 127, 50),
(4, '1589724611633', 13, 127, 50),
(5, '1589724611633', 18, 95, 50),
(6, '1589724611633', 12, 125, 50),
(7, '1589724611633', 73, 83, 50),
(8, '1589886106772', 29, 126, 50),
(9, '1589886165426', 12, 125, 50),
(11, '1589886193050', 12, 126, 50),
(14, '1589886722508', 75, 100, 3),
(15, '1589886722508', 74, 50, 15),
(20, '1589888065730', 18, 95, 50),
(21, '1589888065730', 16, 171, 50),
(22, '1589888065730', 12, 125, 125),
(23, '1589888065730', 74, 50, 15),
(24, '1589888065730', 75, 3, 3),
(25, '1589888269491', 76, 58, 250),
(27, '1589890687913', 77, 180, 2),
(28, '1589890687913', 50, 290, 6),
(29, '1589890687913', 20, 175, 1),
(30, '1589890687913', 78, 160, 4),
(31, '1589891048616', 79, 183, 100),
(32, '1589891048616', 79, 183, 50),
(33, '1589891145758', 12, 127, 50),
(34, '1589891145758', 12, 126, 50),
(35, '1589891183603', 28, 70, 100),
(36, '1589891263211', 18, 140, 150),
(37, '1589891263211', 49, 184, 100),
(38, '1589891413187', 29, 126, 50),
(39, '1589891564506', 12, 125, 50),
(40, '1589891774402', 18, 105, 50),
(41, '1589891774402', 18, 105, 100),
(42, '1589891774402', 16, 171, 50),
(43, '1589891774402', 29, 126, 50),
(44, '1589891774402', 20, 175, 1),
(45, '1589891774402', 50, 290, 6),
(46, '1589891774402', 78, 160, 4),
(47, '1589891774402', 77, 180, 2),
(48, '1589891774402', 12, 125, 100),
(49, '1589891774402', 79, 183, 50),
(50, '1589891774402', 18, 105, 50),
(51, '1589891774402', 14, 84, 50),
(52, '1589891774402', 18, 105, 60),
(53, '1589891774402', 28, 74, 50),
(54, '1589891864818', 18, 117, 50),
(55, '1589892086771', 14, 102, 50),
(56, '1589892086771', 28, 78, 50),
(57, '1589891864818', 18, 117, 50),
(59, '1589891864818', 23, 116, 50),
(60, '1589894147583', 18, 120, 150),
(61, '1589905105190', 20, 172, 25),
(62, '1589905190719', 12, 128, 75),
(63, '1589905479371', 24, 110, 50),
(64, '1589905661239', 12, 128, 25),
(65, '1589905760747', 18, 132, 150),
(66, '1589905893656', 20, 172, 25),
(67, '1589905893656', 12, 126, 100),
(68, '1589905893656', 13, 127, 25),
(69, '1589905893656', 12, 126, 50),
(70, '1589905893656', 18, 111, 50),
(71, '1589905893656', 29, 126, 50),
(72, '1589905893656', 24, 110, 50),
(73, '1589905893656', 14, 84, 50),
(74, '1589905893656', 12, 126, 25),
(76, '1589905948077', 69, 97, 200),
(77, '1589906477038', 49, 202, 100),
(78, '1589906602811', 14, 108, 50),
(79, '1589906602811', 28, 78, 50),
(81, '1589907381769', 69, 97, 200),
(103, '1589986031626', 12, 128, 50),
(104, '1589986487445', 18, 3, 110),
(105, '1589991045569', 20, 176, 25),
(106, '1589991132417', 81, 70, 250),
(107, '1589991243176', 69, 102, 100),
(108, '1589991557518', 20, 175, 25),
(109, '1589991557518', 18, 111, 150),
(110, '1589991557518', 29, 126, 50),
(111, '1589991557518', 50, 290, 6),
(112, '1589991557518', 76, 58, 50),
(113, '1589991557518', 29, 126, 50),
(114, '1589991557518', 18, 111, 50),
(115, '1589991557518', 28, 74, 2),
(116, '1589991557518', 29, 126, 15),
(117, '1589993587820', 12, 129, 50),
(118, '1589993680234', 50, 290, 12),
(119, '1589994177440', 18, 110, 3),
(122, '1590068849789', 18, 120, 50),
(123, '1590068849789', 29, 120, 100),
(124, '1590068915550', 69, 100, 250),
(125, '1590070048239', 18, 130, 1),
(135, '1590149200338', 20, 176, 50),
(136, '1590149379403', 20, 172, 50),
(137, '1590149489222', 29, 113, 100),
(138, '1590149489222', 18, 146, 50),
(139, '1590156117158', 29, 124, 197),
(140, '1590156117158', 29, 0, 0),
(141, '1590156221093', 24, 110, 450),
(142, '1590156263024', 18, 135, 2),
(144, '1590163111430', 18, 155, 50),
(145, '1590163149701', 12, 132, 100),
(146, '1590163182905', 18, 160, 13),
(147, '1590163273341', 14, 120, 25),
(148, '1590163295966', 16, 178, 25),
(149, '1590163317210', 18, 155, 50),
(150, '1590163342690', 18, 155, 50),
(151, '1590163498778', 18, 118, 63),
(152, '1590163498778', 12, 128, 50),
(153, '1590163498778', 14, 88, 25),
(154, '1590163498778', 29, 120, 150),
(155, '1590163498778', 16, 173, 25),
(156, '1590164681340', 18, 148, 200),
(157, '1590164681340', 16, 176, 50),
(158, '1590164715252', 12, 130, 200),
(167, '1590242808769', 29, 113, 49),
(168, '1590242808769', 18, 155, 49),
(170, '1590619524494', 12, 0, 171),
(171, '1590619524494', 24, 0, 50),
(172, '1590619524494', 13, 0, 100),
(173, '1590619524494', 41, 0, 44),
(175, '1590622474704', 16, 176, 50),
(178, '1590623597879', 20, 166, 50),
(179, '1590690298346', 20, 167, 50),
(180, '1590693843601', 80, 169, 200),
(181, '1590828391377', 18, 160, 25),
(182, '1590828447953', 18, 160, 25),
(183, '1590828545527', 18, 122, 100),
(184, '1590829306064', 14, 83, 350),
(185, '1590829306064', 71, 92, 100),
(186, '1590829306064', 82, 92, 300),
(187, '1590829306064', 83, 90, 200),
(188, '1590829306064', 85, 95, 50),
(189, '1590829306064', 84, 66, 50),
(190, '1590829392713', 69, 92, 2200),
(191, '1590830721307', 29, 155, 20),
(192, '1590830773499', 69, 92, 2000),
(193, '1590832526503', 52, 105, 50),
(194, '1590832559252', 29, 150, 150),
(195, '1590832677027', 69, 92, 1450),
(196, '1590832677027', 14, 83, 250),
(197, '1590832713164', 18, 122, 150),
(198, '1590832764137', 18, 113, 150),
(207, '1590833587941', 69, 98, 1000),
(208, '1590833587941', 18, 130, 150),
(209, '1590833587941', 18, 124, 150),
(211, '1590838893306', 69, 100, 250),
(212, '1590838933683', 69, 104, 250),
(213, '1590839663609', 26, 102, 110),
(214, '1590839663609', 28, 74, 1341),
(215, '1590839663609', 69, 93, 1138),
(216, '1590839663609', 70, 130, 30),
(217, '1590839663609', 14, 84, 400),
(218, '1590839663609', 18, 116, 400),
(219, '1590839663609', 25, 91, 300),
(220, '1590839663609', 71, 92, 300),
(221, '1590839663609', 23, 110, 349),
(222, '1590839663609', 73, 82, 250),
(223, '1590839663609', 51, 86, 104),
(224, '1590839663609', 21, 75, 101),
(225, '1590839663609', 16, 171, 100),
(226, '1590839663609', 13, 123, 74),
(227, '1590839663609', 12, 125, 50),
(228, '1590839663609', 77, 186, 30),
(229, '1590839663609', 29, 99, 50),
(230, '1590839663609', 79, 186, 20),
(231, '1590839710699', 14, 104, 250),
(233, '1590840447428', 51, 100, 50),
(234, '1590840447428', 12, 136, 100),
(235, '1590840634028', 81, 80, 50),
(236, '1590844269625', 18, 159, 49),
(237, '1590844269625', 29, 159, 49),
(239, '1590846482115', 23, 112, 50),
(240, '1590846482115', 81, 80, 50),
(241, '1590846482115', 28, 94, 50),
(242, '1590846482115', 14, 140, 50),
(243, '1590846482115', 20, 186, 50),
(244, '1590846598819', 14, 140, 100),
(245, '1590846786743', 28, 40, 50),
(246, '1590847050788', 12, 136, 50),
(248, '1590847192940', 12, 137, 100),
(249, '1590850083552', 12, 136, 20),
(250, '1590852391002', 18, 122, 225),
(252, '1590855994795', 69, 100, 150),
(253, '1590856904294', 28, 40, 50),
(254, '1590857165470', 13, 136, 250),
(255, '1590857475682', 69, 100, 250),
(256, '1590857535757', 28, 76, 50),
(257, '1590857535757', 69, 110, 50),
(258, '1590857610730', 76, 65, 50),
(259, '1590857610730', 28, 80, 50),
(260, '1590857610730', 81, 80, 50),
(261, '1590858628186', 20, 174, 50),
(268, '1590998559156', 12, 130, 2),
(269, '1590998607305', 12, 135, 2),
(270, '1590998689061', 22, 180, 5),
(271, '1590998689061', 13, 160, 3),
(272, '1590998715796', 23, 190, 5),
(273, '1590998715796', 30, 150, 5),
(274, '1591000623053', 20, 176, 50),
(275, '1591000623053', 12, 137, 50),
(276, '1591000665481', 14, 140, 50),
(277, '1591000718230', 12, 137, 50),
(278, '1591000826084', 14, 150, 125),
(279, '1591000826084', 18, 150, 100),
(280, '1591000826084', 29, 160, 50),
(281, '1591000938484', 52, 100, 500),
(282, '1591000938484', 25, 100, 250),
(283, '1591000938484', 20, 180, 100),
(284, '1591000938484', 16, 176, 100),
(285, '1591000987325', 18, 122, 174),
(286, '1591001044959', 12, 140, 50),
(287, '1591002582948', 28, 76, 50),
(288, '1591002582948', 13, 137, 50),
(289, '1591002582948', 76, 60, 50);

-- --------------------------------------------------------

--
-- Table structure for table `unitdata`
--

CREATE TABLE `unitdata` (
  `unitId` int(11) NOT NULL,
  `unitNum` varchar(100) COLLATE utf8_unicode_ci DEFAULT NULL,
  `unitBuildingNum` varchar(100) COLLATE utf8_unicode_ci DEFAULT NULL,
  `unitExtent` int(14) DEFAULT NULL,
  `unitPrice` int(14) DEFAULT NULL,
  `unitCompany` varchar(100) COLLATE utf8_unicode_ci DEFAULT NULL,
  `unitDate` varchar(100) COLLATE utf8_unicode_ci DEFAULT NULL
) ENGINE=InnoDB DEFAULT CHARSET=utf8 COLLATE=utf8_unicode_ci;

--
-- Dumping data for table `unitdata`
--

INSERT INTO `unitdata` (`unitId`, `unitNum`, `unitBuildingNum`, `unitExtent`, `unitPrice`, `unitCompany`, `unitDate`) VALUES
(1, '2b', '2a', 200, 6000, 'مدينة نصر', '12-2-2020'),
(3, '12', '1er', 130, 5000, 'مدينة نصر', '12-5-2023');

-- --------------------------------------------------------

--
-- Table structure for table `users`
--

CREATE TABLE `users` (
  `userId` int(11) NOT NULL,
  `userName` varchar(100) COLLATE utf8_unicode_ci NOT NULL,
  `userPassword` varchar(100) COLLATE utf8_unicode_ci NOT NULL
) ENGINE=InnoDB DEFAULT CHARSET=utf8 COLLATE=utf8_unicode_ci;

--
-- Dumping data for table `users`
--

INSERT INTO `users` (`userId`, `userName`, `userPassword`) VALUES
(1, 'mohammed', '12345');

-- --------------------------------------------------------

--
-- Table structure for table `workerrule`
--

CREATE TABLE `workerrule` (
  `workerRuleId` int(11) NOT NULL,
  `authOverTime` int(14) NOT NULL,
  `authDelayTime` int(14) NOT NULL,
  `halfDayDisc` int(14) NOT NULL,
  `allDayDisc` int(11) NOT NULL,
  `salarytimeKind` varchar(100) COLLATE utf8_unicode_ci NOT NULL,
  `outEarlyTime` int(11) NOT NULL
) ENGINE=InnoDB DEFAULT CHARSET=utf8 COLLATE=utf8_unicode_ci;

--
-- Dumping data for table `workerrule`
--

INSERT INTO `workerrule` (`workerRuleId`, `authOverTime`, `authDelayTime`, `halfDayDisc`, `allDayDisc`, `salarytimeKind`, `outEarlyTime`) VALUES
(1, 0, 29, 60, 120, 'يومى', 59);

--
-- Indexes for dumped tables
--

--
-- Indexes for table `customers`
--
ALTER TABLE `customers`
  ADD PRIMARY KEY (`customerId`);

--
-- Indexes for table `employes`
--
ALTER TABLE `employes`
  ADD PRIMARY KEY (`workerId`);

--
-- Indexes for table `otheraccounts`
--
ALTER TABLE `otheraccounts`
  ADD PRIMARY KEY (`accId`);

--
-- Indexes for table `products`
--
ALTER TABLE `products`
  ADD PRIMARY KEY (`productId`);

--
-- Indexes for table `safereceipt`
--
ALTER TABLE `safereceipt`
  ADD PRIMARY KEY (`safeReceiptId`),
  ADD KEY `customerId` (`customerId`),
  ADD KEY `safeId` (`safeId`),
  ADD KEY `sndSafeId` (`secSafeId`);

--
-- Indexes for table `safes`
--
ALTER TABLE `safes`
  ADD PRIMARY KEY (`safeId`),
  ADD KEY `safeEmployee` (`workerId`);

--
-- Indexes for table `stockpridge`
--
ALTER TABLE `stockpridge`
  ADD PRIMARY KEY (`stockProductId`),
  ADD KEY `stockId` (`stockId`),
  ADD KEY `productId` (`productId`);

--
-- Indexes for table `stocks`
--
ALTER TABLE `stocks`
  ADD PRIMARY KEY (`stockId`);

--
-- Indexes for table `stocktransaction`
--
ALTER TABLE `stocktransaction`
  ADD PRIMARY KEY (`stockTransactionId`),
  ADD KEY `stockId` (`stockId`),
  ADD KEY `customerId` (`customerId`),
  ADD KEY `sndStockId` (`sndStockId`);

--
-- Indexes for table `stocktransactiondetails`
--
ALTER TABLE `stocktransactiondetails`
  ADD PRIMARY KEY (`stockTransactionDetailsId`),
  ADD KEY `productId` (`productId`),
  ADD KEY `stockTransactionId` (`stockTransactionId`);

--
-- Indexes for table `unitdata`
--
ALTER TABLE `unitdata`
  ADD PRIMARY KEY (`unitId`);

--
-- Indexes for table `users`
--
ALTER TABLE `users`
  ADD PRIMARY KEY (`userId`);

--
-- Indexes for table `workerrule`
--
ALTER TABLE `workerrule`
  ADD PRIMARY KEY (`workerRuleId`);

--
-- AUTO_INCREMENT for dumped tables
--

--
-- AUTO_INCREMENT for table `customers`
--
ALTER TABLE `customers`
  MODIFY `customerId` int(11) NOT NULL AUTO_INCREMENT, AUTO_INCREMENT=72;

--
-- AUTO_INCREMENT for table `employes`
--
ALTER TABLE `employes`
  MODIFY `workerId` int(11) NOT NULL AUTO_INCREMENT, AUTO_INCREMENT=50;

--
-- AUTO_INCREMENT for table `otheraccounts`
--
ALTER TABLE `otheraccounts`
  MODIFY `accId` int(11) NOT NULL AUTO_INCREMENT, AUTO_INCREMENT=6;

--
-- AUTO_INCREMENT for table `products`
--
ALTER TABLE `products`
  MODIFY `productId` int(11) NOT NULL AUTO_INCREMENT, AUTO_INCREMENT=86;

--
-- AUTO_INCREMENT for table `safereceipt`
--
ALTER TABLE `safereceipt`
  MODIFY `safeReceiptId` int(11) NOT NULL AUTO_INCREMENT, AUTO_INCREMENT=226;

--
-- AUTO_INCREMENT for table `safes`
--
ALTER TABLE `safes`
  MODIFY `safeId` int(11) NOT NULL AUTO_INCREMENT, AUTO_INCREMENT=9;

--
-- AUTO_INCREMENT for table `stockpridge`
--
ALTER TABLE `stockpridge`
  MODIFY `stockProductId` int(11) NOT NULL AUTO_INCREMENT, AUTO_INCREMENT=80;

--
-- AUTO_INCREMENT for table `stocks`
--
ALTER TABLE `stocks`
  MODIFY `stockId` int(11) NOT NULL AUTO_INCREMENT, AUTO_INCREMENT=7;

--
-- AUTO_INCREMENT for table `stocktransactiondetails`
--
ALTER TABLE `stocktransactiondetails`
  MODIFY `stockTransactionDetailsId` int(11) NOT NULL AUTO_INCREMENT, AUTO_INCREMENT=290;

--
-- AUTO_INCREMENT for table `unitdata`
--
ALTER TABLE `unitdata`
  MODIFY `unitId` int(11) NOT NULL AUTO_INCREMENT, AUTO_INCREMENT=4;

--
-- AUTO_INCREMENT for table `users`
--
ALTER TABLE `users`
  MODIFY `userId` int(11) NOT NULL AUTO_INCREMENT, AUTO_INCREMENT=2;

--
-- AUTO_INCREMENT for table `workerrule`
--
ALTER TABLE `workerrule`
  MODIFY `workerRuleId` int(11) NOT NULL AUTO_INCREMENT, AUTO_INCREMENT=3;

--
-- Constraints for dumped tables
--

--
-- Constraints for table `safereceipt`
--
ALTER TABLE `safereceipt`
  ADD CONSTRAINT `safereceipt_ibfk_1` FOREIGN KEY (`customerId`) REFERENCES `customers` (`customerId`),
  ADD CONSTRAINT `safereceipt_ibfk_2` FOREIGN KEY (`safeId`) REFERENCES `safes` (`safeId`),
  ADD CONSTRAINT `safereceipt_ibfk_3` FOREIGN KEY (`secSafeId`) REFERENCES `safes` (`safeId`);

--
-- Constraints for table `safes`
--
ALTER TABLE `safes`
  ADD CONSTRAINT `safes_ibfk_1` FOREIGN KEY (`workerId`) REFERENCES `employes` (`workerId`);

--
-- Constraints for table `stockpridge`
--
ALTER TABLE `stockpridge`
  ADD CONSTRAINT `stockpridge_ibfk_1` FOREIGN KEY (`stockId`) REFERENCES `stocks` (`stockId`),
  ADD CONSTRAINT `stockpridge_ibfk_2` FOREIGN KEY (`productId`) REFERENCES `products` (`productId`);

--
-- Constraints for table `stocktransaction`
--
ALTER TABLE `stocktransaction`
  ADD CONSTRAINT `stocktransaction_ibfk_1` FOREIGN KEY (`stockId`) REFERENCES `stocks` (`stockId`),
  ADD CONSTRAINT `stocktransaction_ibfk_2` FOREIGN KEY (`customerId`) REFERENCES `customers` (`customerId`),
  ADD CONSTRAINT `stocktransaction_ibfk_3` FOREIGN KEY (`sndStockId`) REFERENCES `stocks` (`stockId`);

--
-- Constraints for table `stocktransactiondetails`
--
ALTER TABLE `stocktransactiondetails`
  ADD CONSTRAINT `stocktransactiondetails_ibfk_1` FOREIGN KEY (`productId`) REFERENCES `products` (`productId`);
COMMIT;

/*!40101 SET CHARACTER_SET_CLIENT=@OLD_CHARACTER_SET_CLIENT */;
/*!40101 SET CHARACTER_SET_RESULTS=@OLD_CHARACTER_SET_RESULTS */;
/*!40101 SET COLLATION_CONNECTION=@OLD_COLLATION_CONNECTION */;
